21,214,1,214,,,,,,,,,,,,,,,,,,,
,,,Pop,,,,,,,,,,,,,,,,,,,
Ind,Pop,14,40,45,211,212,213,215,219,232,240,241,244,247,253,256,259,261,263,265,343,347
"cpp_1","Pop","t","a","c","g","g","t","c","g","a","a","a","g","t","c","t","g","g","c","t","c","a"
"cpp_9","Pop","t","a","c","a","a","t","c","t","a","a","a","g","t","c","t","g","g","c","t","c","a"
"cpp_10","Pop","t","a","c","a","a","t","c","t","a","a","a","g","t","c","t","g","g","c","t","c","a"
"cpp_2","Pop","t","a","g","a","a","t","c","t","a","a","a","g","t","c","t","g","g","c","t","c","a"
"cpp_3","Pop","0","a","g","a","a","t","c","t","a","a","a","g","t","c","t","g","g","c","t","c","a"
"cpp_4","Pop","t","a","g","a","a","t","c","t","a","a","a","g","t","c","t","g","g","c","t","c","a"
"cpp_5","Pop","t","a","g","a","a","t","c","t","a","a","a","g","t","c","t","g","g","c","t","c","a"
"cpp_7","Pop","t","a","g","a","a","t","c","t","a","a","a","g","t","c","t","g","g","c","t","c","a"
"cpp_6","Pop","t","a","g","a","a","t","c","t","a","a","a","g","t","c","t","g","g","c","t","c","a"
"cpp_8","Pop","t","a","g","a","a","t","c","t","a","a","a","g","t","c","t","g","g","c","t","c","a"
"cpp_12","Pop","c","g","g","g","g","t","c","g","t","g","g","c","t","c","t","c","t","c","t","g","0"
"cpp_11","Pop","0","g","g","g","g","t","c","g","t","g","g","c","t","c","t","c","t","c","t","g","g"
"cpp_14","Pop","t","g","g","g","g","t","c","g","t","g","g","c","t","c","t","c","t","c","t","g","a"
"cpp_13","Pop","0","g","g","g","g","t","c","g","t","g","g","c","t","c","t","c","t","c","t","g","a"
"cpp_15","Pop","t","a","g","g","g","t","c","g","t","g","g","c","t","c","a","g","t","c","t","g","a"
"cpp_24","Pop","0","0","0","g","g","t","c","g","t","g","g","c","t","c","t","c","t","a","t","g","a"
"cpp_25","Pop","0","0","0","g","g","t","c","g","t","g","g","c","t","c","t","c","t","a","t","g","a"
"cpp_16","Pop","0","0","0","g","g","t","c","g","t","g","g","c","t","c","t","c","t","a","t","g","a"
"cpp_17","Pop","0","0","0","g","g","t","c","g","t","g","g","c","t","c","t","c","t","a","t","g","a"
"cpp_23","Pop","0","0","0","g","g","t","c","g","t","g","g","c","t","c","t","c","t","a","t","g","a"
"cpp_22","Pop","0","0","0","g","g","t","c","g","t","g","g","c","t","c","t","c","t","a","t","g","a"
"cpp_29","Pop","0","0","0","g","g","t","c","g","t","g","g","c","t","c","t","c","t","a","t","g","a"
"cpp_28","Pop","0","0","0","g","g","t","c","g","t","g","g","c","t","c","t","c","t","a","t","g","a"
"cpp_30","Pop","0","0","0","g","g","t","c","g","t","g","g","c","t","c","t","c","t","a","t","g","a"
"cpp_31","Pop","0","0","0","g","g","t","c","g","t","g","g","c","t","c","t","c","t","a","t","g","a"
"cpp_26","Pop","0","0","0","g","g","t","c","g","t","g","g","c","t","c","t","c","t","a","t","g","a"
"cpp_27","Pop","0","0","0","g","g","t","c","g","t","g","g","c","t","c","t","c","t","a","t","g","a"
"cpp_32","Pop","0","0","0","g","g","t","c","g","t","g","g","c","t","c","t","c","t","a","t","g","a"
"cpp_33","Pop","0","0","0","g","g","t","c","g","t","g","g","c","t","c","t","c","t","a","t","g","a"
"cpp_34","Pop","0","0","0","g","g","t","c","g","t","g","g","c","t","c","t","c","t","a","t","g","a"
"cpp_37","Pop","0","0","0","g","g","t","c","g","t","g","g","c","t","c","t","c","t","a","t","g","a"
"cpp_36","Pop","0","0","0","g","g","t","c","g","t","g","g","c","t","c","t","c","t","a","t","g","a"
"cpp_35","Pop","0","0","0","g","g","t","c","g","t","g","g","c","t","c","t","c","t","a","t","g","a"
"cpp_38","Pop","0","0","0","g","g","t","c","g","t","g","g","c","t","c","t","c","t","a","t","g","a"
"cpp_42","Pop","0","0","0","g","g","t","c","g","t","g","g","c","t","c","t","c","t","a","t","g","a"
"cpp_44","Pop","0","0","0","g","g","t","c","g","t","g","g","c","t","c","t","c","t","a","t","g","a"
"cpp_43","Pop","0","0","0","g","g","t","c","g","t","g","g","c","t","c","t","c","t","a","t","g","a"
"cpp_41","Pop","0","0","0","g","g","t","c","g","t","g","g","c","t","c","t","c","t","a","t","g","a"
"cpp_39","Pop","0","0","0","g","g","t","c","g","t","g","g","c","t","c","t","c","t","a","t","g","a"
"cpp_45","Pop","0","0","0","g","g","t","c","g","t","g","g","c","t","c","t","c","t","a","t","g","a"
"cpp_40","Pop","0","a","g","g","g","t","c","g","t","g","g","c","t","c","t","c","t","a","t","g","a"
"cpp_18","Pop","0","a","g","g","g","t","c","g","t","g","g","c","t","c","t","c","t","a","t","g","a"
"cpp_19","Pop","0","a","g","g","g","t","c","g","t","g","g","c","t","c","t","c","t","a","t","g","a"
"cpp_20","Pop","0","a","g","g","g","t","c","g","t","g","g","c","t","c","t","c","t","a","t","g","a"
"cpp_21","Pop","0","a","g","g","g","t","c","g","t","g","g","c","t","c","t","c","t","a","t","g","a"
"cpp_93","Pop","0","a","g","g","g","t","c","g","t","g","g","c","t","c","t","c","t","a","t","g","a"
"cpp_94","Pop","0","a","g","g","g","t","c","g","t","g","g","c","t","c","t","c","t","a","t","g","a"
"cpp_60","Pop","t","a","g","g","g","t","c","g","t","g","g","c","t","c","t","g","t","a","t","g","a"
"cpp_70","Pop","0","a","g","g","g","t","c","g","t","g","g","c","t","c","t","c","t","a","t","g","a"
"cpp_46","Pop","0","a","g","g","g","t","c","g","t","g","g","c","t","c","t","c","t","a","t","g","a"
"cpp_47","Pop","0","a","g","g","g","t","c","g","t","g","g","c","t","c","t","c","t","a","t","g","a"
"cpp_48","Pop","0","a","g","g","g","t","c","g","t","g","g","c","t","c","t","c","t","a","t","g","a"
"cpp_55","Pop","0","a","g","g","g","t","c","g","t","g","g","c","t","c","t","c","t","a","t","g","a"
"cpp_74","Pop","0","a","g","g","g","t","c","g","t","g","g","c","t","c","t","c","t","a","t","g","a"
"cpp_50","Pop","0","a","g","g","g","t","c","g","t","g","g","c","t","c","t","c","t","a","t","g","a"
"cpp_56","Pop","0","a","g","g","g","t","c","g","t","g","g","c","t","c","t","c","t","a","t","g","a"
"cpp_57","Pop","0","a","g","g","g","t","c","g","t","g","g","c","t","c","t","c","t","a","t","g","a"
"cpp_58","Pop","0","a","g","g","g","t","c","g","t","g","g","c","t","c","t","c","t","a","t","g","a"
"cpp_59","Pop","0","a","g","g","g","t","c","g","t","g","g","c","t","c","t","c","t","a","t","g","a"
"cpp_54","Pop","0","a","g","g","g","t","c","g","t","g","g","c","t","c","t","c","t","a","t","g","a"
"cpp_53","Pop","0","a","g","g","g","t","c","g","t","g","g","c","t","c","t","c","t","a","t","g","a"
"cpp_63","Pop","0","0","0","g","g","t","c","g","t","g","g","c","t","c","t","c","t","a","t","g","a"
"cpp_62","Pop","0","0","0","g","g","t","c","g","t","g","g","c","t","c","t","c","t","a","t","g","a"
"cpp_67","Pop","0","0","0","g","g","t","c","g","t","g","g","c","t","c","t","c","t","a","t","g","a"
"cpp_69","Pop","0","0","0","g","g","t","c","g","t","g","g","c","t","c","t","c","t","a","t","g","a"
"cpp_65","Pop","0","0","0","g","g","t","c","g","t","g","g","c","t","c","t","c","t","a","t","g","a"
"cpp_68","Pop","0","0","0","g","g","t","c","g","t","g","g","c","t","c","t","c","t","a","t","g","a"
"cpp_66","Pop","0","0","0","g","g","t","c","g","t","g","g","c","t","c","t","c","t","a","t","a","a"
"cpp_64","Pop","0","0","0","g","g","t","c","g","t","g","g","c","t","c","t","c","t","a","t","g","a"
"cpp_83","Pop","0","0","0","g","g","t","c","g","t","g","g","c","t","c","t","c","t","a","t","g","a"
"cpp_79","Pop","0","0","0","g","g","t","c","g","t","g","g","c","t","c","t","c","t","a","t","g","a"
"cpp_78","Pop","0","0","0","g","g","t","c","g","t","g","g","c","t","c","t","c","t","a","t","g","a"
"cpp_75","Pop","0","0","0","g","g","t","c","g","t","g","g","c","t","c","t","c","t","a","t","g","a"
"cpp_76","Pop","0","0","0","g","g","t","c","g","t","g","g","c","t","c","t","c","t","a","t","g","a"
"cpp_77","Pop","0","0","0","g","g","t","c","g","t","g","g","c","t","c","t","c","t","a","t","g","a"
"cpp_72","Pop","0","0","0","g","g","t","c","g","t","g","g","c","t","c","t","c","t","a","t","g","a"
"cpp_73","Pop","0","0","0","g","g","t","c","g","t","g","g","c","t","c","t","c","t","a","t","g","a"
"cpp_82","Pop","0","0","0","g","g","t","c","g","t","g","g","c","t","c","t","c","t","a","t","g","a"
"cpp_87","Pop","0","0","0","g","g","t","c","g","t","g","g","c","t","c","t","c","t","a","t","g","a"
"cpp_89","Pop","0","0","0","g","g","t","c","g","t","g","g","c","t","c","t","c","t","a","t","g","a"
"cpp_90","Pop","0","0","0","g","g","t","c","g","t","g","g","c","t","c","t","c","t","a","t","g","a"
"cpp_91","Pop","0","0","0","g","g","t","c","g","t","g","g","c","t","c","t","c","t","a","t","g","a"
"cpp_92","Pop","0","0","0","g","g","t","c","g","t","g","g","c","t","c","t","c","t","a","t","g","a"
"cpp_80","Pop","0","0","0","g","g","t","c","g","t","g","g","c","t","c","t","c","t","a","t","g","a"
"cpp_84","Pop","0","0","0","g","g","t","c","g","t","g","g","c","t","c","t","c","t","a","t","g","a"
"cpp_71","Pop","0","0","0","g","g","t","c","g","t","g","g","c","t","c","t","c","t","a","t","g","a"
"cpp_85","Pop","0","0","0","g","g","t","c","g","t","g","g","c","t","c","t","c","t","a","t","g","a"
"cpp_86","Pop","0","0","0","g","g","t","c","g","t","g","g","c","t","c","t","c","t","a","t","g","a"
"cpp_88","Pop","0","0","0","g","g","t","c","g","t","g","g","c","t","c","t","c","t","a","t","g","a"
"cpp_81","Pop","0","0","0","g","g","t","c","g","t","g","g","c","t","c","t","c","t","a","t","g","a"
"cpp_95","Pop","t","a","g","g","g","t","c","g","t","g","g","c","t","c","t","c","t","a","t","0","0"
"cpp_49","Pop","0","a","g","g","g","t","c","g","t","g","g","c","t","c","t","c","t","a","t","g","a"
"cpp_52","Pop","0","a","g","g","g","t","c","g","t","g","g","c","t","c","t","c","t","a","t","g","a"
"cpp_51","Pop","0","a","g","g","g","t","c","g","t","g","g","c","t","c","t","c","t","a","t","g","a"
"cpp_97","Pop","0","a","g","g","g","t","c","g","t","g","g","c","t","c","t","c","t","a","t","g","a"
"cpp_96","Pop","t","a","g","g","g","t","c","g","t","g","g","c","t","c","t","c","t","a","t","g","a"
"cpp_61","Pop","c","g","g","g","g","t","c","g","t","g","g","c","t","c","t","c","t","a","t","g","a"
"cpp_98","Pop","0","0","0","g","g","t","c","g","t","g","g","c","t","c","t","c","t","a","t","g","a"
"cpp_102","Pop","c","g","c","g","g","t","c","g","t","g","g","c","t","c","t","g","t","c","t","0","0"
"cpp_101","Pop","c","g","c","g","g","t","c","g","t","g","g","c","t","c","t","g","t","c","t","g","a"
"cpp_100","Pop","c","g","g","g","g","t","c","g","t","g","g","c","t","c","t","g","t","c","t","c","a"
"cpp_99","Pop","0","g","g","g","g","t","c","g","t","g","g","c","t","c","t","g","t","c","t","0","0"
"cpp_103","Pop","0","a","g","g","a","t","t","t","a","a","g","g","t","c","g","c","g","c","t","c","a"
"cpp_105","Pop","t","a","g","g","a","a","c","t","a","a","g","g","t","c","c","c","g","c","t","c","a"
"cpp_104","Pop","0","a","g","g","a","a","c","t","a","a","g","g","t","c","c","c","g","c","t","c","a"
"cpp_106","Pop","0","0","0","g","a","t","t","t","a","a","g","g","t","c","g","c","g","c","t","c","a"
"cpp_107","Pop","0","0","g","g","a","t","t","t","a","a","g","g","t","c","g","c","g","c","t","c","a"
"cpp_108","Pop","0","0","g","g","a","t","t","t","a","a","g","g","t","c","g","c","g","c","t","c","a"
"cpp_109","Pop","0","g","g","g","a","t","t","t","a","a","g","g","t","c","g","c","g","c","t","c","a"
"cpp_110","Pop","0","a","g","g","a","t","t","t","a","a","g","g","t","c","g","c","g","c","t","c","a"
"cpp_111","Pop","0","a","g","g","a","t","t","t","a","a","g","g","t","c","g","c","g","c","t","c","a"
"cpp_113","Pop","0","0","0","g","a","a","t","t","a","a","g","g","t","c","g","c","g","c","t","c","a"
"cpp_114","Pop","0","0","0","g","a","a","t","t","a","a","g","g","t","c","g","c","g","c","t","g","a"
"cpp_112","Pop","0","0","0","g","a","a","t","t","a","a","g","g","t","c","g","c","g","c","t","g","a"
"cpp_115","Pop","0","0","0","g","a","a","t","t","a","a","g","g","t","c","g","c","g","c","t","c","a"
"cpp_116","Pop","t","a","g","g","a","a","t","t","a","a","g","g","t","c","g","c","g","c","t","0","0"
"cpp_117","Pop","t","a","g","g","a","a","t","t","a","a","g","g","t","c","g","c","g","c","t","c","a"
"cpp_118","Pop","0","a","g","g","a","a","t","t","a","a","g","g","t","c","g","c","g","c","t","c","a"
"cpp_119","Pop","0","0","0","g","a","t","t","t","a","a","g","g","t","c","g","c","g","c","t","g","g"
"cpp_120","Pop","0","0","0","g","a","t","t","t","a","a","g","g","t","c","g","c","g","c","t","g","g"
"cpp_121","Pop","0","0","g","g","a","t","t","t","a","a","g","g","t","c","g","c","g","c","t","g","g"
"cpp_122","Pop","0","0","g","g","a","t","t","t","a","a","g","g","t","c","g","c","g","c","t","g","g"
"cpp_123","Pop","0","0","g","g","a","t","t","t","a","a","g","g","t","c","g","c","g","c","t","g","g"
"cpp_124","Pop","c","g","g","g","a","t","t","t","a","a","g","g","t","c","g","c","g","c","t","g","g"
"cpp_125","Pop","0","g","g","g","a","t","t","t","a","a","g","g","t","c","g","c","g","c","t","g","g"
"cpp_126","Pop","0","a","c","g","a","t","t","t","a","a","g","g","t","c","g","c","g","c","t","g","g"
"cpp_127","Pop","0","a","g","g","a","t","t","t","a","a","g","g","t","c","g","c","g","c","t","g","g"
"cpp_128","Pop","t","a","g","g","a","a","c","t","a","a","a","g","c","t","g","c","g","c","t","c","a"
"cpp_129","Pop","0","g","g","g","a","a","c","t","a","a","a","g","t","t","g","c","g","c","a","g","a"
"cpp_130","Pop","t","g","c","g","a","a","c","t","a","a","a","g","t","t","g","c","g","c","t","g","a"
"cpp_131","Pop","0","a","c","g","a","a","c","t","a","a","a","g","t","t","g","c","g","c","t","c","a"
"cpp_132","Pop","t","a","c","g","a","a","c","t","a","a","a","g","t","t","g","c","g","c","t","c","a"
"cpp_133","Pop","t","a","c","g","a","a","c","t","a","a","a","g","t","t","g","c","g","c","t","c","a"
"cpp_134","Pop","0","0","0","g","a","a","c","t","a","a","a","g","t","t","g","c","g","c","t","c","a"
"cpp_135","Pop","0","a","g","g","a","a","c","t","a","a","a","g","t","0","g","c","g","c","t","0","0"
"cpp_189","Pop","t","a","g","c","a","t","c","g","a","a","g","g","t","c","t","a","g","c","c","c","a"
"cpp_136","Pop","0","0","0","c","a","t","c","g","a","a","a","g","c","t","g","c","g","c","t","c","a"
"cpp_137","Pop","t","a","g","g","g","t","c","g","t","a","a","g","c","t","g","c","g","c","t","c","a"
"cpp_139","Pop","t","a","g","g","g","t","c","g","a","a","a","g","c","t","g","a","g","c","t","c","a"
"cpp_140","Pop","t","a","g","g","g","t","c","g","a","a","a","g","c","t","g","c","g","c","t","c","a"
"cpp_138","Pop","t","a","g","g","g","t","c","g","a","a","a","g","c","t","g","c","g","c","t","g","0"
"cpp_141","Pop","t","a","g","g","g","t","c","g","a","a","a","g","c","t","g","c","g","c","t","g","0"
"cpp_142","Pop","t","a","g","g","g","t","c","g","a","a","a","g","c","t","g","c","g","c","t","g","0"
"cpp_144","Pop","0","0","0","g","g","t","c","g","t","a","a","g","c","t","g","c","g","c","t","g","g"
"cpp_145","Pop","0","0","0","g","g","t","c","g","t","a","a","g","c","t","g","c","g","c","t","g","g"
"cpp_148","Pop","0","0","0","g","g","t","c","g","t","a","a","g","c","t","g","c","g","c","t","g","g"
"cpp_147","Pop","0","0","0","g","g","t","c","g","t","a","a","g","c","t","g","c","g","c","t","g","g"
"cpp_146","Pop","0","0","0","g","g","t","c","g","t","a","a","g","c","t","g","c","g","c","t","g","g"
"cpp_149","Pop","0","0","0","g","g","t","c","g","t","a","a","g","c","t","g","c","g","c","t","g","g"
"cpp_151","Pop","0","0","0","g","g","t","c","g","t","a","a","g","c","t","g","c","g","c","t","g","g"
"cpp_150","Pop","0","0","0","g","g","t","c","g","t","a","a","g","c","t","g","c","g","c","t","g","g"
"cpp_152","Pop","0","0","0","g","g","t","c","g","t","a","a","g","c","t","g","c","g","c","t","g","g"
"cpp_153","Pop","0","0","0","g","g","t","c","g","t","a","a","g","c","t","g","c","g","c","t","g","g"
"cpp_154","Pop","0","0","0","g","g","t","c","g","t","a","a","g","c","t","g","c","g","c","t","g","g"
"cpp_155","Pop","0","0","0","g","g","t","c","g","t","a","a","g","c","t","g","c","g","c","t","g","g"
"cpp_156","Pop","0","a","g","g","g","t","c","g","t","a","a","g","c","t","g","c","g","c","t","g","g"
"cpp_157","Pop","t","a","g","g","g","t","c","g","t","a","a","g","c","t","g","c","g","c","t","g","g"
"cpp_162","Pop","0","0","0","g","g","t","c","g","t","a","a","g","c","t","g","c","g","c","t","g","g"
"cpp_164","Pop","0","0","0","g","g","t","c","g","t","a","a","g","c","t","g","c","g","c","t","g","g"
"cpp_161","Pop","0","0","0","g","g","t","c","g","t","a","a","g","c","t","g","c","g","c","t","g","g"
"cpp_163","Pop","t","a","g","g","g","t","c","g","t","a","a","g","c","t","g","c","g","c","t","g","0"
"cpp_158","Pop","0","0","0","g","g","t","c","g","t","a","a","g","c","t","g","c","g","c","t","g","g"
"cpp_159","Pop","0","0","0","g","g","t","c","g","t","a","a","g","c","t","g","c","g","c","t","g","g"
"cpp_160","Pop","0","0","0","g","g","t","c","g","t","a","a","g","c","t","g","c","g","c","t","g","g"
"cpp_165","Pop","0","g","g","c","a","t","c","g","t","a","a","g","c","t","g","c","g","c","t","g","g"
"cpp_166","Pop","t","a","g","g","a","t","c","g","a","a","a","g","c","t","g","c","g","c","t","g","0"
"cpp_167","Pop","0","0","0","c","a","t","c","g","a","a","a","g","c","t","g","c","g","c","t","g","a"
"cpp_168","Pop","0","0","0","t","a","t","c","g","a","a","a","g","c","t","g","c","g","c","t","g","g"
"cpp_169","Pop","0","0","0","t","a","t","c","g","a","a","a","g","c","t","g","c","g","c","t","g","g"
"cpp_170","Pop","0","0","0","t","a","t","c","g","a","a","a","g","c","t","g","c","g","c","t","g","g"
"cpp_171","Pop","0","0","0","t","a","t","c","g","a","a","a","g","c","t","g","c","g","c","t","g","g"
"cpp_172","Pop","0","0","0","g","a","t","c","g","a","a","a","g","c","t","g","c","g","c","t","g","g"
"cpp_173","Pop","t","g","g","g","a","t","c","g","a","a","a","g","c","t","g","c","g","c","t","g","g"
"cpp_174","Pop","t","a","g","t","a","t","c","g","a","a","a","g","c","t","g","c","g","c","t","g","0"
"cpp_175","Pop","0","0","0","t","a","t","c","g","a","a","a","g","c","t","g","c","g","c","t","g","g"
"cpp_176","Pop","t","a","g","t","a","t","c","g","a","a","a","g","c","t","g","c","g","c","t","g","0"
"cpp_177","Pop","0","0","0","t","a","t","c","g","a","a","a","g","c","t","g","c","g","c","t","g","g"
"cpp_178","Pop","t","g","g","c","a","t","c","g","a","a","a","g","c","c","t","c","g","c","c","c","a"
"cpp_179","Pop","0","g","g","c","a","t","c","g","a","a","a","g","c","c","t","c","g","c","t","g","g"
"cpp_180","Pop","0","g","g","c","a","t","c","g","a","a","a","g","c","c","t","c","g","c","t","g","g"
"cpp_181","Pop","t","g","g","c","a","t","c","g","a","a","a","g","c","c","t","c","g","c","t","g","g"
"cpp_182","Pop","t","g","g","c","a","t","c","g","a","a","a","g","c","c","t","c","g","c","t","g","g"
"cpp_185","Pop","t","g","g","c","a","t","c","g","a","a","a","g","c","c","t","c","g","c","t","g","g"
"cpp_184","Pop","t","g","g","c","a","t","c","g","a","a","a","g","c","c","t","c","g","c","t","g","g"
"cpp_183","Pop","t","g","g","c","a","t","c","g","a","a","a","g","c","c","t","c","g","c","t","g","g"
"cpp_186","Pop","0","g","g","c","a","t","c","g","a","a","a","g","c","c","t","c","g","c","t","g","g"
"cpp_188","Pop","c","a","g","a","a","t","c","t","t","g","g","c","t","c","t","c","g","c","c","g","a"
"cpp_187","Pop","c","a","g","a","a","t","c","t","t","g","g","c","t","c","t","c","g","c","c","g","a"
"cpp_190","Pop","t","a","c","g","a","t","c","t","a","a","g","g","t","c","t","c","g","c","c","0","0"
"cpp_191","Pop","t","a","c","g","a","t","c","t","a","a","g","g","t","c","t","c","g","c","c","g","g"
"cpp_192","Pop","0","g","g","g","g","t","c","t","t","c","g","c","t","c","g","c","g","c","t","c","a"
"cpp_206","Pop","t","a","g","a","a","t","c","t","a","c","g","c","t","c","t","g","g","c","t","g","a"
"cpp_194","Pop","0","0","0","g","a","t","c","t","t","c","g","c","t","c","t","c","g","c","c","c","a"
"cpp_193","Pop","0","0","0","g","a","t","c","t","t","c","g","c","t","c","t","c","g","c","c","c","a"
"cpp_195","Pop","0","0","0","g","a","t","c","t","t","c","g","c","t","c","t","c","g","c","c","c","a"
"cpp_196","Pop","0","0","0","g","a","t","c","t","t","c","g","c","t","c","t","c","g","c","c","c","a"
"cpp_198","Pop","0","0","0","g","a","t","c","t","t","c","g","c","t","c","t","c","g","c","c","c","a"
"cpp_197","Pop","0","0","0","g","a","t","c","t","t","c","g","c","t","c","t","c","g","c","c","c","a"
"cpp_200","Pop","0","g","g","g","a","t","c","t","t","c","g","c","t","c","t","c","g","c","c","c","a"
"cpp_199","Pop","0","g","g","g","a","t","c","t","t","c","g","c","t","c","t","c","g","c","c","c","a"
"cpp_203","Pop","0","g","g","g","a","t","c","t","t","c","g","c","t","c","t","c","g","c","c","c","a"
"cpp_204","Pop","0","g","g","g","a","t","c","t","t","c","g","c","t","c","t","c","g","c","c","c","a"
"cpp_201","Pop","0","g","g","g","a","t","c","t","t","c","g","c","t","c","t","c","g","c","c","c","a"
"cpp_202","Pop","0","g","g","g","a","t","c","t","t","c","g","c","t","c","t","c","g","c","c","c","a"
"cpp_205","Pop","0","0","0","g","a","t","c","t","t","c","g","c","t","c","t","c","g","c","c","c","a"
"cpp_207","Pop","0","0","g","a","a","t","c","t","t","c","g","c","t","c","g","c","t","c","t","g","a"
"cpp_208","Pop","0","0","0","a","a","t","c","t","t","c","g","c","t","c","g","c","t","c","t","g","a"
"cpp_214","Pop","t","g","g","g","a","t","c","t","t","c","g","c","t","c","g","c","g","c","t","g","g"
"cpp_215","Pop","0","a","g","g","a","t","c","t","t","c","g","c","0","c","g","c","g","c","t","0","0"
"cpp_213","Pop","0","a","g","g","a","t","c","t","t","c","g","c","t","c","t","g","g","c","t","g","g"
"cpp_210","Pop","t","g","g","g","a","t","c","t","t","0","g","c","t","c","t","g","g","c","t","0","0"
"cpp_211","Pop","t","g","c","g","a","t","c","t","t","c","g","c","t","c","t","g","g","c","t","g","a"
"cpp_212","Pop","0","a","c","g","a","t","c","t","t","c","g","c","t","c","t","g","g","c","t","g","a"
"cpp_209","Pop","0","0","0","g","a","t","c","t","t","c","g","c","t","c","t","g","g","c","t","g","a"
