,14,40,45,211,212,213,215,219,232,240,241,244,247,253,256,259,261,263,265,343,347
cpp_1,t,a,c,g,g,t,c,g,a,a,a,g,t,c,t,g,g,c,t,c,a
cpp_9,t,a,c,a,a,t,c,t,a,a,a,g,t,c,t,g,g,c,t,c,a
cpp_2,t,a,g,a,a,t,c,t,a,a,a,g,t,c,t,g,g,c,t,c,a
cpp_3,0,a,g,a,a,t,c,t,a,a,a,g,t,c,t,g,g,c,t,c,a
cpp_12,c,g,g,g,g,t,c,g,t,g,g,c,t,c,t,c,t,c,t,g,0
cpp_11,0,g,g,g,g,t,c,g,t,g,g,c,t,c,t,c,t,c,t,g,g
cpp_14,t,g,g,g,g,t,c,g,t,g,g,c,t,c,t,c,t,c,t,g,a
cpp_13,0,g,g,g,g,t,c,g,t,g,g,c,t,c,t,c,t,c,t,g,a
cpp_15,t,a,g,g,g,t,c,g,t,g,g,c,t,c,a,g,t,c,t,g,a
cpp_24,0,0,0,g,g,t,c,g,t,g,g,c,t,c,t,c,t,a,t,g,a
cpp_40,0,a,g,g,g,t,c,g,t,g,g,c,t,c,t,c,t,a,t,g,a
cpp_60,t,a,g,g,g,t,c,g,t,g,g,c,t,c,t,g,t,a,t,g,a
cpp_66,0,0,0,g,g,t,c,g,t,g,g,c,t,c,t,c,t,a,t,a,a
cpp_95,t,a,g,g,g,t,c,g,t,g,g,c,t,c,t,c,t,a,t,0,0
cpp_96,t,a,g,g,g,t,c,g,t,g,g,c,t,c,t,c,t,a,t,g,a
cpp_61,c,g,g,g,g,t,c,g,t,g,g,c,t,c,t,c,t,a,t,g,a
cpp_102,c,g,c,g,g,t,c,g,t,g,g,c,t,c,t,g,t,c,t,0,0
cpp_101,c,g,c,g,g,t,c,g,t,g,g,c,t,c,t,g,t,c,t,g,a
cpp_100,c,g,g,g,g,t,c,g,t,g,g,c,t,c,t,g,t,c,t,c,a
cpp_99,0,g,g,g,g,t,c,g,t,g,g,c,t,c,t,g,t,c,t,0,0
cpp_103,0,a,g,g,a,t,t,t,a,a,g,g,t,c,g,c,g,c,t,c,a
cpp_105,t,a,g,g,a,a,c,t,a,a,g,g,t,c,c,c,g,c,t,c,a
cpp_104,0,a,g,g,a,a,c,t,a,a,g,g,t,c,c,c,g,c,t,c,a
cpp_106,0,0,0,g,a,t,t,t,a,a,g,g,t,c,g,c,g,c,t,c,a
cpp_107,0,0,g,g,a,t,t,t,a,a,g,g,t,c,g,c,g,c,t,c,a
cpp_109,0,g,g,g,a,t,t,t,a,a,g,g,t,c,g,c,g,c,t,c,a
cpp_113,0,0,0,g,a,a,t,t,a,a,g,g,t,c,g,c,g,c,t,c,a
cpp_114,0,0,0,g,a,a,t,t,a,a,g,g,t,c,g,c,g,c,t,g,a
cpp_116,t,a,g,g,a,a,t,t,a,a,g,g,t,c,g,c,g,c,t,0,0
cpp_117,t,a,g,g,a,a,t,t,a,a,g,g,t,c,g,c,g,c,t,c,a
cpp_118,0,a,g,g,a,a,t,t,a,a,g,g,t,c,g,c,g,c,t,c,a
cpp_119,0,0,0,g,a,t,t,t,a,a,g,g,t,c,g,c,g,c,t,g,g
cpp_121,0,0,g,g,a,t,t,t,a,a,g,g,t,c,g,c,g,c,t,g,g
cpp_124,c,g,g,g,a,t,t,t,a,a,g,g,t,c,g,c,g,c,t,g,g
cpp_125,0,g,g,g,a,t,t,t,a,a,g,g,t,c,g,c,g,c,t,g,g
cpp_126,0,a,c,g,a,t,t,t,a,a,g,g,t,c,g,c,g,c,t,g,g
cpp_127,0,a,g,g,a,t,t,t,a,a,g,g,t,c,g,c,g,c,t,g,g
cpp_128,t,a,g,g,a,a,c,t,a,a,a,g,c,t,g,c,g,c,t,c,a
cpp_129,0,g,g,g,a,a,c,t,a,a,a,g,t,t,g,c,g,c,a,g,a
cpp_130,t,g,c,g,a,a,c,t,a,a,a,g,t,t,g,c,g,c,t,g,a
cpp_131,0,a,c,g,a,a,c,t,a,a,a,g,t,t,g,c,g,c,t,c,a
cpp_132,t,a,c,g,a,a,c,t,a,a,a,g,t,t,g,c,g,c,t,c,a
cpp_134,0,0,0,g,a,a,c,t,a,a,a,g,t,t,g,c,g,c,t,c,a
cpp_135,0,a,g,g,a,a,c,t,a,a,a,g,t,0,g,c,g,c,t,0,0
cpp_189,t,a,g,c,a,t,c,g,a,a,g,g,t,c,t,a,g,c,c,c,a
cpp_136,0,0,0,c,a,t,c,g,a,a,a,g,c,t,g,c,g,c,t,c,a
cpp_137,t,a,g,g,g,t,c,g,t,a,a,g,c,t,g,c,g,c,t,c,a
cpp_139,t,a,g,g,g,t,c,g,a,a,a,g,c,t,g,a,g,c,t,c,a
cpp_140,t,a,g,g,g,t,c,g,a,a,a,g,c,t,g,c,g,c,t,c,a
cpp_138,t,a,g,g,g,t,c,g,a,a,a,g,c,t,g,c,g,c,t,g,0
cpp_144,0,0,0,g,g,t,c,g,t,a,a,g,c,t,g,c,g,c,t,g,g
cpp_156,0,a,g,g,g,t,c,g,t,a,a,g,c,t,g,c,g,c,t,g,g
cpp_157,t,a,g,g,g,t,c,g,t,a,a,g,c,t,g,c,g,c,t,g,g
cpp_163,t,a,g,g,g,t,c,g,t,a,a,g,c,t,g,c,g,c,t,g,0
cpp_165,0,g,g,c,a,t,c,g,t,a,a,g,c,t,g,c,g,c,t,g,g
cpp_166,t,a,g,g,a,t,c,g,a,a,a,g,c,t,g,c,g,c,t,g,0
cpp_167,0,0,0,c,a,t,c,g,a,a,a,g,c,t,g,c,g,c,t,g,a
cpp_168,0,0,0,t,a,t,c,g,a,a,a,g,c,t,g,c,g,c,t,g,g
cpp_172,0,0,0,g,a,t,c,g,a,a,a,g,c,t,g,c,g,c,t,g,g
cpp_173,t,g,g,g,a,t,c,g,a,a,a,g,c,t,g,c,g,c,t,g,g
cpp_174,t,a,g,t,a,t,c,g,a,a,a,g,c,t,g,c,g,c,t,g,0
cpp_178,t,g,g,c,a,t,c,g,a,a,a,g,c,c,t,c,g,c,c,c,a
cpp_179,0,g,g,c,a,t,c,g,a,a,a,g,c,c,t,c,g,c,t,g,g
cpp_181,t,g,g,c,a,t,c,g,a,a,a,g,c,c,t,c,g,c,t,g,g
cpp_188,c,a,g,a,a,t,c,t,t,g,g,c,t,c,t,c,g,c,c,g,a
cpp_190,t,a,c,g,a,t,c,t,a,a,g,g,t,c,t,c,g,c,c,0,0
cpp_191,t,a,c,g,a,t,c,t,a,a,g,g,t,c,t,c,g,c,c,g,g
cpp_192,0,g,g,g,g,t,c,t,t,c,g,c,t,c,g,c,g,c,t,c,a
cpp_206,t,a,g,a,a,t,c,t,a,c,g,c,t,c,t,g,g,c,t,g,a
cpp_194,0,0,0,g,a,t,c,t,t,c,g,c,t,c,t,c,g,c,c,c,a
cpp_200,0,g,g,g,a,t,c,t,t,c,g,c,t,c,t,c,g,c,c,c,a
cpp_207,0,0,g,a,a,t,c,t,t,c,g,c,t,c,g,c,t,c,t,g,a
cpp_208,0,0,0,a,a,t,c,t,t,c,g,c,t,c,g,c,t,c,t,g,a
cpp_214,t,g,g,g,a,t,c,t,t,c,g,c,t,c,g,c,g,c,t,g,g
cpp_215,0,a,g,g,a,t,c,t,t,c,g,c,0,c,g,c,g,c,t,0,0
cpp_213,0,a,g,g,a,t,c,t,t,c,g,c,t,c,t,g,g,c,t,g,g
cpp_210,t,g,g,g,a,t,c,t,t,0,g,c,t,c,t,g,g,c,t,0,0
cpp_211,t,g,c,g,a,t,c,t,t,c,g,c,t,c,t,g,g,c,t,g,a
cpp_212,0,a,c,g,a,t,c,t,t,c,g,c,t,c,t,g,g,c,t,g,a
cpp_209,0,0,0,g,a,t,c,t,t,c,g,c,t,c,t,g,g,c,t,g,a
