,80,89,92,103,105,194,195,209,222
csp_1,a,a,g,g,t,g,g,g,c
csp_6,a,a,g,g,t,g,g,g,t
csp_8,a,a,g,g,t,g,g,a,c
csp_7,a,a,g,g,t,g,g,c,c
csp_23,c,a,g,g,t,g,g,g,c
csp_29,a,a,g,g,g,g,g,g,c
csp_42,a,g,g,g,t,g,g,g,c
csp_59,a,a,g,g,t,a,a,c,c
csp_66,a,a,g,c,a,a,a,g,c
csp_76,a,a,g,c,a,a,a,c,t
csp_77,a,a,g,c,a,g,a,c,t
csp_96,a,a,g,c,a,a,a,c,a
csp_111,a,a,g,c,a,a,a,c,c
csp_168,a,a,g,c,a,a,t,g,c
csp_177,a,a,g,c,a,a,a,g,a
csp_230,a,a,g,c,a,a,a,g,0
csp_243,a,a,g,g,t,a,a,g,c
csp_60,a,a,g,g,c,a,g,c,a
csp_88,a,a,g,g,c,a,a,c,a
csp_246,a,a,g,g,a,a,a,c,c
csp_247,a,a,g,g,g,a,a,g,c
csp_377,a,g,c,g,c,a,a,g,c
csp_378,a,g,c,g,g,a,a,c,c
csp_382,a,g,c,g,g,a,a,g,c
csp_250,a,a,g,c,a,g,g,g,a
csp_251,a,a,g,g,a,g,g,g,a
csp_253,a,a,g,c,a,g,g,g,c
csp_255,a,a,g,g,g,g,g,g,a
csp_257,a,a,g,g,g,a,g,g,a
csp_276,a,a,g,g,a,g,g,g,c
csp_283,a,g,c,g,c,g,g,g,a
csp_284,a,g,c,g,a,g,g,g,a
csp_289,a,g,c,g,a,g,a,g,a
csp_298,a,g,c,g,a,g,g,g,c
csp_282,a,g,c,g,g,g,g,g,a
csp_321,a,g,c,g,g,g,g,g,c
csp_327,c,g,c,g,g,g,g,g,c
csp_769,a,g,c,g,c,a,a,c,a
csp_828,a,g,a,g,a,a,a,c,a
csp_829,a,g,a,g,a,a,a,c,c
csp_831,a,g,a,g,a,g,g,c,a
csp_832,a,g,a,g,a,g,g,g,a
csp_834,c,g,a,g,a,g,g,g,a
csp_835,a,g,a,g,a,a,g,g,a
csp_836,a,g,a,g,a,g,a,g,a
csp_827,a,g,a,g,a,g,a,c,a
csp_771,a,g,c,g,a,g,a,c,c
csp_772,a,g,a,g,t,a,a,g,a
csp_773,a,g,c,g,c,a,a,g,a
csp_788,a,g,c,g,t,g,a,c,c
csp_790,a,g,c,g,t,a,a,c,c
csp_564,c,g,a,g,c,a,a,c,a
csp_751,c,g,a,g,a,a,a,c,a
csp_552,c,g,a,g,c,a,a,c,c
csp_554,c,g,a,g,t,a,a,c,c
csp_447,c,g,a,g,g,g,a,c,c
csp_466,c,g,a,g,a,g,a,c,c
csp_467,c,g,a,g,g,g,t,c,c
csp_468,c,g,a,g,g,g,c,c,c
csp_550,c,g,a,g,g,a,a,c,c
csp_734,c,g,a,c,a,a,a,c,c
csp_557,c,g,a,g,t,g,a,c,t
csp_555,c,g,a,g,c,g,a,c,c
csp_558,c,g,a,g,c,a,a,g,c
csp_559,a,g,a,g,t,a,a,c,c
csp_560,c,g,a,g,t,a,a,c,a
csp_452,a,g,a,g,g,a,a,c,c
csp_741,c,g,a,g,a,a,a,c,c
csp_582,c,g,a,g,a,a,a,a,c
csp_529,c,g,a,g,g,a,a,c,a
csp_740,c,g,a,g,a,a,a,g,a
csp_615,a,g,c,c,a,a,a,g,a
csp_623,a,g,c,g,a,a,a,g,a
csp_654,a,g,c,c,c,a,a,g,a
csp_672,a,g,g,g,a,a,a,g,a
csp_713,a,a,g,g,a,a,a,g,a
