,12,15,55,66,111,123,126,147,150,154,159,271,310
msp7_1,0,0,t,t,g,a,g,g,c,a,a,a,c
msp7_228,0,0,a,g,g,g,g,a,t,g,g,c,a
msp7_229,0,0,a,c,g,g,g,a,t,g,g,c,a
msp7_233,0,g,a,c,g,g,g,a,t,g,g,c,a
msp7_234,c,g,a,c,g,g,g,a,t,g,g,c,a
msp7_239,c,g,a,g,g,a,g,g,t,g,a,c,0
msp7_308,a,g,g,g,g,g,g,a,t,g,g,c,0
msp7_240,c,g,g,g,g,a,g,g,t,g,a,c,a
msp7_243,c,g,g,g,g,a,g,g,t,g,a,c,0
msp7_310,c,a,g,g,g,g,g,a,t,g,g,a,0
msp7_309,0,g,a,c,g,g,g,a,t,g,g,a,t
msp7_311,c,g,g,g,g,g,g,a,t,g,g,a,0
msp7_312,c,g,a,g,g,g,g,a,t,g,g,a,t
msp7_315,a,g,a,g,g,g,g,a,t,g,g,a,0
msp7_317,a,g,a,g,g,g,g,a,t,g,g,a,t
msp7_314,a,g,g,g,g,g,g,a,t,g,g,a,0
msp7_313,a,g,g,g,g,g,g,a,t,g,g,a,t
msp7_306,c,a,a,g,g,g,g,a,t,g,g,a,0
msp7_305,c,a,a,g,g,g,g,a,t,g,g,a,t
msp7_274,0,0,a,g,g,g,g,a,t,g,g,a,t
msp7_248,0,0,a,g,g,g,g,g,t,g,g,a,t
msp7_249,c,a,a,g,g,g,g,g,t,g,g,c,0
msp7_252,0,0,a,g,g,g,g,g,t,g,g,c,0
msp7_250,c,a,a,g,g,g,g,g,t,g,g,a,0
msp7_255,0,a,a,g,g,g,g,g,t,g,g,a,t
msp7_2,0,g,a,g,g,a,a,a,t,g,g,a,c
msp7_10,0,g,a,g,g,a,a,a,t,g,g,a,0
msp7_65,0,0,g,g,g,a,g,g,c,a,a,a,c
msp7_85,c,g,a,g,g,a,a,g,t,g,a,a,0
msp7_86,c,g,a,g,g,a,a,g,t,g,a,a,c
msp7_87,0,0,a,g,g,a,a,g,t,g,a,a,c
msp7_95,0,0,t,g,g,a,g,g,c,a,a,a,c
msp7_94,c,g,a,g,g,a,a,g,c,a,a,a,c
msp7_96,0,0,a,g,g,a,g,g,c,a,a,a,t
msp7_97,0,0,a,c,g,a,g,g,c,a,a,a,c
msp7_99,c,g,a,g,g,a,g,g,c,a,a,a,0
msp7_98,c,a,a,g,g,a,g,g,c,a,a,a,0
msp7_101,c,g,a,c,g,a,g,g,c,a,a,a,0
msp7_105,0,0,a,g,g,a,g,g,c,a,a,a,c
msp7_103,c,a,a,g,g,a,g,g,c,a,a,a,t
msp7_122,0,0,a,g,g,a,a,g,c,a,a,a,c
msp7_104,c,g,a,g,g,a,a,g,c,a,a,a,0
msp7_110,c,g,a,g,g,a,g,g,c,a,a,a,c
msp7_115,a,g,a,g,g,a,g,g,c,a,a,a,c
msp7_135,0,0,g,g,g,a,g,g,c,a,a,a,t
msp7_69,0,g,g,g,g,a,g,g,c,a,a,a,t
msp7_80,a,g,g,g,g,a,g,g,c,a,a,a,t
msp7_93,a,g,g,g,g,a,a,g,c,a,a,a,t
msp7_67,0,g,g,g,g,a,g,g,c,a,a,a,c
msp7_142,0,0,g,g,g,a,g,g,c,a,a,a,0
msp7_145,a,g,g,g,g,a,g,g,c,a,a,a,c
msp7_174,a,g,g,g,g,a,g,g,c,a,a,a,0
msp7_161,a,g,g,g,g,a,g,g,c,a,a,c,0
msp7_33,a,g,g,g,g,a,g,g,t,a,g,a,t
msp7_32,a,g,g,g,g,a,g,g,t,a,g,a,c
msp7_26,0,0,a,g,g,a,g,g,t,a,g,a,t
msp7_28,c,g,a,g,t,a,g,g,t,a,g,a,t
msp7_27,0,0,g,g,c,a,g,g,t,a,g,a,t
msp7_29,0,0,g,g,t,a,g,g,t,a,g,a,t
msp7_30,a,g,g,g,t,a,g,g,t,a,g,a,0
msp7_36,0,0,g,g,g,g,g,g,t,a,g,a,t
msp7_35,a,g,g,g,t,a,g,g,t,a,g,a,t
msp7_46,c,g,a,c,t,a,g,g,t,g,g,c,0
msp7_37,0,0,g,g,t,a,g,g,t,g,g,c,0
msp7_41,c,g,g,g,t,a,g,g,t,g,g,a,t
msp7_40,0,0,g,g,t,a,g,g,t,g,g,a,t
msp7_23,c,g,a,g,g,a,g,g,t,g,a,a,t
msp7_22,0,0,a,g,g,a,g,g,t,g,a,a,t
msp7_24,0,0,g,g,g,a,g,g,t,g,a,a,t
