9,855,1,855,,,,,,,
,,,Pop,,,,,,,
Ind,Pop,80,89,92,103,105,194,195,209,222
"csp_1","Pop","a","a","g","g","t","g","g","g","c"
"csp_5","Pop","a","a","g","g","t","g","g","g","c"
"csp_4","Pop","a","a","g","g","t","g","g","g","c"
"csp_6","Pop","a","a","g","g","t","g","g","g","t"
"csp_8","Pop","a","a","g","g","t","g","g","a","c"
"csp_7","Pop","a","a","g","g","t","g","g","c","c"
"csp_9","Pop","a","a","g","g","t","g","g","g","c"
"csp_10","Pop","a","a","g","g","t","g","g","g","c"
"csp_13","Pop","a","a","g","g","t","g","g","g","c"
"csp_11","Pop","a","a","g","g","t","g","g","g","c"
"csp_12","Pop","a","a","g","g","t","g","g","g","c"
"csp_3","Pop","a","a","g","g","t","g","g","g","c"
"csp_14","Pop","a","a","g","g","t","g","g","g","c"
"csp_16","Pop","a","a","g","g","t","g","g","g","c"
"csp_15","Pop","a","a","g","g","t","g","g","g","c"
"csp_2","Pop","a","a","g","g","t","g","g","g","c"
"csp_17","Pop","a","a","g","g","t","g","g","g","c"
"csp_19","Pop","a","a","g","g","t","g","g","g","c"
"csp_18","Pop","a","a","g","g","t","g","g","g","c"
"csp_22","Pop","a","a","g","g","t","g","g","g","c"
"csp_21","Pop","a","a","g","g","t","g","g","g","c"
"csp_20","Pop","a","a","g","g","t","g","g","g","c"
"csp_24","Pop","a","a","g","g","t","g","g","g","c"
"csp_23","Pop","c","a","g","g","t","g","g","g","c"
"csp_26","Pop","a","a","g","g","t","g","g","g","c"
"csp_25","Pop","a","a","g","g","t","g","g","g","c"
"csp_29","Pop","a","a","g","g","g","g","g","g","c"
"csp_30","Pop","a","a","g","g","t","g","g","g","c"
"csp_28","Pop","a","a","g","g","t","g","g","g","c"
"csp_27","Pop","a","a","g","g","t","g","g","g","c"
"csp_35","Pop","a","a","g","g","t","g","g","g","c"
"csp_33","Pop","a","a","g","g","t","g","g","g","c"
"csp_31","Pop","a","a","g","g","t","g","g","g","c"
"csp_32","Pop","a","a","g","g","t","g","g","g","c"
"csp_34","Pop","a","a","g","g","t","g","g","g","c"
"csp_37","Pop","a","a","g","g","t","g","g","g","c"
"csp_38","Pop","a","a","g","g","t","g","g","g","c"
"csp_36","Pop","a","a","g","g","t","g","g","g","c"
"csp_41","Pop","a","a","g","g","t","g","g","g","c"
"csp_40","Pop","a","a","g","g","t","g","g","g","c"
"csp_43","Pop","a","a","g","g","t","g","g","g","c"
"csp_44","Pop","a","a","g","g","t","g","g","g","c"
"csp_46","Pop","a","a","g","g","t","g","g","g","c"
"csp_45","Pop","a","a","g","g","t","g","g","g","c"
"csp_47","Pop","a","a","g","g","t","g","g","g","c"
"csp_39","Pop","a","a","g","g","t","g","g","g","c"
"csp_42","Pop","a","g","g","g","t","g","g","g","c"
"csp_51","Pop","a","a","g","g","t","g","g","g","c"
"csp_56","Pop","a","a","g","g","t","g","g","g","c"
"csp_58","Pop","a","a","g","g","t","g","g","g","c"
"csp_54","Pop","a","a","g","g","t","g","g","g","c"
"csp_55","Pop","a","a","g","g","t","g","g","g","c"
"csp_53","Pop","a","a","g","g","t","g","g","g","c"
"csp_57","Pop","a","a","g","g","t","g","g","g","c"
"csp_52","Pop","a","a","g","g","t","g","g","g","c"
"csp_48","Pop","a","a","g","g","t","g","g","g","c"
"csp_50","Pop","a","a","g","g","t","g","g","g","c"
"csp_49","Pop","a","a","g","g","t","g","g","g","c"
"csp_59","Pop","a","a","g","g","t","a","a","c","c"
"csp_66","Pop","a","a","g","c","a","a","a","g","c"
"csp_67","Pop","a","a","g","c","a","a","a","g","c"
"csp_64","Pop","a","a","g","c","a","a","a","g","c"
"csp_65","Pop","a","a","g","c","a","a","a","g","c"
"csp_61","Pop","a","a","g","c","a","a","a","g","c"
"csp_62","Pop","a","a","g","c","a","a","a","g","c"
"csp_63","Pop","a","a","g","c","a","a","a","g","c"
"csp_76","Pop","a","a","g","c","a","a","a","c","t"
"csp_75","Pop","a","a","g","c","a","a","a","c","t"
"csp_74","Pop","a","a","g","c","a","a","a","c","t"
"csp_77","Pop","a","a","g","c","a","g","a","c","t"
"csp_79","Pop","a","a","g","c","a","g","a","c","t"
"csp_78","Pop","a","a","g","c","a","g","a","c","t"
"csp_87","Pop","a","a","g","c","a","g","a","c","t"
"csp_86","Pop","a","a","g","c","a","g","a","c","t"
"csp_80","Pop","a","a","g","c","a","g","a","c","t"
"csp_81","Pop","a","a","g","c","a","g","a","c","t"
"csp_82","Pop","a","a","g","c","a","g","a","c","t"
"csp_85","Pop","a","a","g","c","a","g","a","c","t"
"csp_84","Pop","a","a","g","c","a","g","a","c","t"
"csp_83","Pop","a","a","g","c","a","g","a","c","t"
"csp_68","Pop","a","a","g","c","a","a","a","g","c"
"csp_69","Pop","a","a","g","c","a","a","a","g","c"
"csp_70","Pop","a","a","g","c","a","a","a","g","c"
"csp_71","Pop","a","a","g","c","a","a","a","g","c"
"csp_72","Pop","a","a","g","c","a","a","a","g","c"
"csp_73","Pop","a","a","g","c","a","a","a","g","c"
"csp_89","Pop","a","a","g","c","a","a","a","g","c"
"csp_90","Pop","a","a","g","c","a","a","a","g","c"
"csp_91","Pop","a","a","g","c","a","a","a","g","c"
"csp_93","Pop","a","a","g","c","a","a","a","g","c"
"csp_92","Pop","a","a","g","c","a","a","a","g","c"
"csp_97","Pop","a","a","g","c","a","a","a","g","c"
"csp_98","Pop","a","a","g","c","a","a","a","g","c"
"csp_96","Pop","a","a","g","c","a","a","a","c","a"
"csp_101","Pop","a","a","g","c","a","a","a","g","c"
"csp_104","Pop","a","a","g","c","a","a","a","g","c"
"csp_102","Pop","a","a","g","c","a","a","a","g","c"
"csp_103","Pop","a","a","g","c","a","a","a","g","c"
"csp_108","Pop","a","a","g","c","a","a","a","g","c"
"csp_107","Pop","a","a","g","c","a","a","a","g","c"
"csp_105","Pop","a","a","g","c","a","a","a","g","c"
"csp_106","Pop","a","a","g","c","a","a","a","g","c"
"csp_111","Pop","a","a","g","c","a","a","a","c","c"
"csp_110","Pop","a","a","g","c","a","a","a","c","c"
"csp_109","Pop","a","a","g","c","a","a","a","c","c"
"csp_94","Pop","a","a","g","c","a","a","a","g","c"
"csp_95","Pop","a","a","g","c","a","a","a","g","c"
"csp_99","Pop","a","a","g","c","a","a","a","g","c"
"csp_100","Pop","a","a","g","c","a","a","a","g","c"
"csp_204","Pop","a","a","g","c","a","a","a","g","c"
"csp_207","Pop","a","a","g","c","a","a","a","g","c"
"csp_112","Pop","a","a","g","c","a","a","a","g","c"
"csp_113","Pop","a","a","g","c","a","a","a","g","c"
"csp_114","Pop","a","a","g","c","a","a","a","g","c"
"csp_115","Pop","a","a","g","c","a","a","a","g","c"
"csp_116","Pop","a","a","g","c","a","a","a","g","c"
"csp_217","Pop","a","a","g","c","a","a","a","g","c"
"csp_218","Pop","a","a","g","c","a","a","a","g","c"
"csp_117","Pop","a","a","g","c","a","a","a","g","c"
"csp_123","Pop","a","a","g","c","a","a","a","g","c"
"csp_122","Pop","a","a","g","c","a","a","a","g","c"
"csp_124","Pop","a","a","g","c","a","a","a","g","c"
"csp_127","Pop","a","a","g","c","a","a","a","g","c"
"csp_134","Pop","a","a","g","c","a","a","a","g","c"
"csp_131","Pop","a","a","g","c","a","a","a","g","c"
"csp_133","Pop","a","a","g","c","a","a","a","g","c"
"csp_132","Pop","a","a","g","c","a","a","a","g","c"
"csp_128","Pop","a","a","g","c","a","a","a","g","c"
"csp_126","Pop","a","a","g","c","a","a","a","g","c"
"csp_130","Pop","a","a","g","c","a","a","a","g","c"
"csp_129","Pop","a","a","g","c","a","a","a","g","c"
"csp_125","Pop","a","a","g","c","a","a","a","g","c"
"csp_135","Pop","a","a","g","c","a","a","a","g","c"
"csp_137","Pop","a","a","g","c","a","a","a","g","c"
"csp_141","Pop","a","a","g","c","a","a","a","g","c"
"csp_143","Pop","a","a","g","c","a","a","a","g","c"
"csp_145","Pop","a","a","g","c","a","a","a","g","c"
"csp_136","Pop","a","a","g","c","a","a","a","g","c"
"csp_140","Pop","a","a","g","c","a","a","a","g","c"
"csp_139","Pop","a","a","g","c","a","a","a","g","c"
"csp_138","Pop","a","a","g","c","a","a","a","g","c"
"csp_142","Pop","a","a","g","c","a","a","a","g","c"
"csp_144","Pop","a","a","g","c","a","a","a","g","c"
"csp_146","Pop","a","a","g","c","a","a","a","g","c"
"csp_147","Pop","a","a","g","c","a","a","a","g","c"
"csp_148","Pop","a","a","g","c","a","a","a","g","c"
"csp_149","Pop","a","a","g","c","a","a","a","g","c"
"csp_151","Pop","a","a","g","c","a","a","a","g","c"
"csp_150","Pop","a","a","g","c","a","a","a","g","c"
"csp_152","Pop","a","a","g","c","a","a","a","g","c"
"csp_153","Pop","a","a","g","c","a","a","a","g","c"
"csp_121","Pop","a","a","g","c","a","a","a","g","c"
"csp_120","Pop","a","a","g","c","a","a","a","g","c"
"csp_119","Pop","a","a","g","c","a","a","a","g","c"
"csp_118","Pop","a","a","g","c","a","a","a","g","c"
"csp_155","Pop","a","a","g","c","a","a","a","g","c"
"csp_154","Pop","a","a","g","c","a","a","a","g","c"
"csp_156","Pop","a","a","g","c","a","a","a","g","c"
"csp_157","Pop","a","a","g","c","a","a","a","g","c"
"csp_161","Pop","a","a","g","c","a","a","a","g","c"
"csp_158","Pop","a","a","g","c","a","a","a","g","c"
"csp_160","Pop","a","a","g","c","a","a","a","g","c"
"csp_159","Pop","a","a","g","c","a","a","a","g","c"
"csp_162","Pop","a","a","g","c","a","a","a","g","c"
"csp_164","Pop","a","a","g","c","a","a","a","g","c"
"csp_163","Pop","a","a","g","c","a","a","a","g","c"
"csp_165","Pop","a","a","g","c","a","a","a","g","c"
"csp_166","Pop","a","a","g","c","a","a","a","g","c"
"csp_168","Pop","a","a","g","c","a","a","t","g","c"
"csp_167","Pop","a","a","g","c","a","a","a","g","c"
"csp_169","Pop","a","a","g","c","a","a","a","g","c"
"csp_170","Pop","a","a","g","c","a","a","a","g","c"
"csp_171","Pop","a","a","g","c","a","a","a","g","c"
"csp_173","Pop","a","a","g","c","a","a","a","g","c"
"csp_179","Pop","a","a","g","c","a","a","a","g","c"
"csp_186","Pop","a","a","g","c","a","a","a","g","c"
"csp_185","Pop","a","a","g","c","a","a","a","g","c"
"csp_187","Pop","a","a","g","c","a","a","a","g","c"
"csp_188","Pop","a","a","g","c","a","a","a","g","c"
"csp_192","Pop","a","a","g","c","a","a","a","g","c"
"csp_178","Pop","a","a","g","c","a","a","a","g","c"
"csp_183","Pop","a","a","g","c","a","a","a","g","c"
"csp_172","Pop","a","a","g","c","a","a","a","g","c"
"csp_182","Pop","a","a","g","c","a","a","a","g","c"
"csp_177","Pop","a","a","g","c","a","a","a","g","a"
"csp_174","Pop","a","a","g","c","a","a","a","g","c"
"csp_175","Pop","a","a","g","c","a","a","a","g","c"
"csp_176","Pop","a","a","g","c","a","a","a","g","c"
"csp_180","Pop","a","a","g","c","a","a","a","g","c"
"csp_181","Pop","a","a","g","c","a","a","a","g","c"
"csp_184","Pop","a","a","g","c","a","a","a","g","c"
"csp_191","Pop","a","a","g","c","a","a","a","g","c"
"csp_190","Pop","a","a","g","c","a","a","a","g","c"
"csp_189","Pop","a","a","g","c","a","a","a","g","c"
"csp_193","Pop","a","a","g","c","a","a","a","g","c"
"csp_210","Pop","a","a","g","c","a","a","a","g","c"
"csp_195","Pop","a","a","g","c","a","a","a","g","c"
"csp_194","Pop","a","a","g","c","a","a","a","g","c"
"csp_196","Pop","a","a","g","c","a","a","a","g","c"
"csp_197","Pop","a","a","g","c","a","a","a","g","c"
"csp_212","Pop","a","a","g","c","a","a","a","g","c"
"csp_200","Pop","a","a","g","c","a","a","a","g","c"
"csp_198","Pop","a","a","g","c","a","a","a","g","c"
"csp_199","Pop","a","a","g","c","a","a","a","g","c"
"csp_201","Pop","a","a","g","c","a","a","a","g","c"
"csp_202","Pop","a","a","g","c","a","a","a","g","c"
"csp_203","Pop","a","a","g","c","a","a","a","g","c"
"csp_209","Pop","a","a","g","c","a","a","a","g","c"
"csp_208","Pop","a","a","g","c","a","a","a","g","c"
"csp_211","Pop","a","a","g","c","a","a","a","g","c"
"csp_206","Pop","a","a","g","c","a","a","a","g","c"
"csp_205","Pop","a","a","g","c","a","a","a","g","c"
"csp_213","Pop","a","a","g","c","a","a","a","g","c"
"csp_225","Pop","a","a","g","c","a","a","a","g","c"
"csp_224","Pop","a","a","g","c","a","a","a","g","c"
"csp_222","Pop","a","a","g","c","a","a","a","g","c"
"csp_221","Pop","a","a","g","c","a","a","a","g","c"
"csp_223","Pop","a","a","g","c","a","a","a","g","c"
"csp_215","Pop","a","a","g","c","a","a","a","g","c"
"csp_216","Pop","a","a","g","c","a","a","a","g","c"
"csp_220","Pop","a","a","g","c","a","a","a","g","c"
"csp_214","Pop","a","a","g","c","a","a","a","g","c"
"csp_219","Pop","a","a","g","c","a","a","a","g","c"
"csp_240","Pop","a","a","g","c","a","a","a","g","c"
"csp_237","Pop","a","a","g","c","a","a","a","g","c"
"csp_242","Pop","a","a","g","c","a","a","a","g","c"
"csp_241","Pop","a","a","g","c","a","a","a","g","c"
"csp_227","Pop","a","a","g","c","a","a","a","g","c"
"csp_226","Pop","a","a","g","c","a","a","a","g","c"
"csp_239","Pop","a","a","g","c","a","a","a","g","c"
"csp_228","Pop","a","a","g","c","a","a","a","g","c"
"csp_234","Pop","a","a","g","c","a","a","a","g","c"
"csp_233","Pop","a","a","g","c","a","a","a","g","c"
"csp_235","Pop","a","a","g","c","a","a","a","g","c"
"csp_238","Pop","a","a","g","c","a","a","a","g","c"
"csp_236","Pop","a","a","g","c","a","a","a","g","c"
"csp_232","Pop","a","a","g","c","a","a","a","g","c"
"csp_231","Pop","a","a","g","c","a","a","a","g","c"
"csp_230","Pop","a","a","g","c","a","a","a","g","0"
"csp_229","Pop","a","a","g","c","a","a","a","g","a"
"csp_243","Pop","a","a","g","g","t","a","a","g","c"
"csp_244","Pop","a","a","g","c","a","a","a","g","c"
"csp_245","Pop","a","a","g","c","a","a","a","g","c"
"csp_60","Pop","a","a","g","g","c","a","g","c","a"
"csp_88","Pop","a","a","g","g","c","a","a","c","a"
"csp_246","Pop","a","a","g","g","a","a","a","c","c"
"csp_247","Pop","a","a","g","g","g","a","a","g","c"
"csp_249","Pop","a","a","g","g","a","a","a","c","c"
"csp_248","Pop","a","a","g","g","a","a","a","c","c"
"csp_377","Pop","a","g","c","g","c","a","a","g","c"
"csp_378","Pop","a","g","c","g","g","a","a","c","c"
"csp_382","Pop","a","g","c","g","g","a","a","g","c"
"csp_383","Pop","a","g","c","g","g","a","a","g","c"
"csp_379","Pop","a","g","c","g","g","a","a","g","c"
"csp_381","Pop","a","g","c","g","g","a","a","g","c"
"csp_380","Pop","a","g","c","g","g","a","a","g","c"
"csp_399","Pop","a","g","c","g","g","a","a","g","c"
"csp_391","Pop","a","g","c","g","g","a","a","g","c"
"csp_385","Pop","a","g","c","g","g","a","a","g","c"
"csp_384","Pop","a","g","c","g","g","a","a","g","c"
"csp_395","Pop","a","g","c","g","g","a","a","g","c"
"csp_392","Pop","a","g","c","g","g","a","a","g","c"
"csp_386","Pop","a","g","c","g","g","a","a","g","c"
"csp_387","Pop","a","g","c","g","g","a","a","g","c"
"csp_389","Pop","a","g","c","g","g","a","a","g","c"
"csp_388","Pop","a","g","c","g","g","a","a","g","c"
"csp_390","Pop","a","g","c","g","g","a","a","g","c"
"csp_398","Pop","a","g","c","g","g","a","a","g","c"
"csp_396","Pop","a","g","c","g","g","a","a","g","c"
"csp_400","Pop","a","g","c","g","g","a","a","g","c"
"csp_393","Pop","a","g","c","g","g","a","a","g","c"
"csp_401","Pop","a","g","c","g","g","a","a","g","c"
"csp_397","Pop","a","g","c","g","g","a","a","g","c"
"csp_394","Pop","a","g","c","g","g","a","a","g","c"
"csp_402","Pop","a","g","c","g","g","a","a","g","c"
"csp_404","Pop","a","g","c","g","g","a","a","g","c"
"csp_405","Pop","a","g","c","g","g","a","a","g","c"
"csp_413","Pop","a","g","c","g","g","a","a","g","c"
"csp_411","Pop","a","g","c","g","g","a","a","g","c"
"csp_403","Pop","a","g","c","g","g","a","a","g","c"
"csp_408","Pop","a","g","c","g","g","a","a","g","c"
"csp_406","Pop","a","g","c","g","g","a","a","g","c"
"csp_412","Pop","a","g","c","g","g","a","a","g","c"
"csp_409","Pop","a","g","c","g","g","a","a","g","c"
"csp_407","Pop","a","g","c","g","g","a","a","g","c"
"csp_414","Pop","a","g","c","g","g","a","a","g","c"
"csp_410","Pop","a","g","c","g","g","a","a","g","c"
"csp_415","Pop","a","g","c","g","g","a","a","g","c"
"csp_416","Pop","a","g","c","g","g","a","a","g","c"
"csp_417","Pop","a","g","c","g","g","a","a","g","c"
"csp_418","Pop","a","g","c","g","g","a","a","g","c"
"csp_419","Pop","a","g","c","g","g","a","a","g","c"
"csp_421","Pop","a","g","c","g","g","a","a","g","c"
"csp_420","Pop","a","g","c","g","g","a","a","g","c"
"csp_422","Pop","a","g","c","g","g","a","a","g","c"
"csp_423","Pop","a","g","c","g","g","a","a","g","c"
"csp_426","Pop","a","g","c","g","g","a","a","g","c"
"csp_425","Pop","a","g","c","g","g","a","a","g","c"
"csp_424","Pop","a","g","c","g","g","a","a","g","c"
"csp_427","Pop","a","g","c","g","g","a","a","g","c"
"csp_428","Pop","a","g","c","g","g","a","a","g","c"
"csp_431","Pop","a","g","c","g","g","a","a","g","c"
"csp_432","Pop","a","g","c","g","g","a","a","g","c"
"csp_430","Pop","a","g","c","g","g","a","a","g","c"
"csp_429","Pop","a","g","c","g","g","a","a","g","c"
"csp_250","Pop","a","a","g","c","a","g","g","g","a"
"csp_251","Pop","a","a","g","g","a","g","g","g","a"
"csp_252","Pop","a","a","g","g","a","g","g","g","a"
"csp_253","Pop","a","a","g","c","a","g","g","g","c"
"csp_254","Pop","a","a","g","g","a","g","g","g","a"
"csp_255","Pop","a","a","g","g","g","g","g","g","a"
"csp_256","Pop","a","a","g","g","g","g","g","g","a"
"csp_257","Pop","a","a","g","g","g","a","g","g","a"
"csp_262","Pop","a","a","g","g","g","g","g","g","a"
"csp_258","Pop","a","a","g","g","g","g","g","g","a"
"csp_261","Pop","a","a","g","g","g","g","g","g","a"
"csp_259","Pop","a","a","g","g","g","g","g","g","a"
"csp_260","Pop","a","a","g","g","g","g","g","g","a"
"csp_263","Pop","a","a","g","g","g","g","g","g","a"
"csp_264","Pop","a","a","g","g","g","g","g","g","a"
"csp_266","Pop","a","a","g","g","g","g","g","g","a"
"csp_268","Pop","a","a","g","g","g","g","g","g","a"
"csp_267","Pop","a","a","g","g","g","g","g","g","a"
"csp_265","Pop","a","a","g","g","g","g","g","g","a"
"csp_269","Pop","a","a","g","g","g","g","g","g","c"
"csp_271","Pop","a","a","g","g","a","g","g","g","a"
"csp_270","Pop","a","a","g","g","a","g","g","g","a"
"csp_272","Pop","a","a","g","g","a","g","g","g","a"
"csp_274","Pop","a","a","g","g","g","g","g","g","a"
"csp_273","Pop","a","a","g","g","a","g","g","g","a"
"csp_275","Pop","a","a","g","g","a","g","g","g","a"
"csp_276","Pop","a","a","g","g","a","g","g","g","c"
"csp_280","Pop","a","a","g","g","a","g","g","g","a"
"csp_277","Pop","a","a","g","g","a","g","g","g","a"
"csp_278","Pop","a","a","g","g","a","g","g","g","a"
"csp_281","Pop","a","a","g","g","a","g","g","g","a"
"csp_279","Pop","a","a","g","g","a","g","g","g","a"
"csp_283","Pop","a","g","c","g","c","g","g","g","a"
"csp_284","Pop","a","g","c","g","a","g","g","g","a"
"csp_288","Pop","a","g","c","g","a","g","g","g","a"
"csp_287","Pop","a","g","c","g","a","g","g","g","a"
"csp_285","Pop","a","g","c","g","a","g","g","g","a"
"csp_286","Pop","a","g","c","g","a","g","g","g","a"
"csp_295","Pop","a","g","c","g","a","g","g","g","a"
"csp_292","Pop","a","g","c","g","a","g","g","g","a"
"csp_291","Pop","a","g","c","g","a","g","g","g","a"
"csp_289","Pop","a","g","c","g","a","g","a","g","a"
"csp_290","Pop","a","g","c","g","a","g","g","g","a"
"csp_293","Pop","a","g","c","g","a","g","g","g","a"
"csp_294","Pop","a","g","c","g","a","g","g","g","a"
"csp_296","Pop","a","g","c","g","a","g","g","g","a"
"csp_297","Pop","a","g","c","g","a","g","g","g","a"
"csp_298","Pop","a","g","c","g","a","g","g","g","c"
"csp_309","Pop","a","g","c","g","a","g","g","g","a"
"csp_310","Pop","a","g","c","g","a","g","g","g","a"
"csp_315","Pop","a","g","c","g","a","g","g","g","a"
"csp_313","Pop","a","g","c","g","a","g","g","g","a"
"csp_311","Pop","a","g","c","g","a","g","g","g","a"
"csp_312","Pop","a","g","c","g","a","g","g","g","a"
"csp_317","Pop","a","g","c","g","a","g","g","g","a"
"csp_316","Pop","a","g","c","g","a","g","g","g","a"
"csp_314","Pop","a","g","c","g","a","g","g","g","a"
"csp_318","Pop","a","g","c","g","a","g","g","g","a"
"csp_302","Pop","a","g","c","g","a","g","g","g","a"
"csp_301","Pop","a","g","c","g","a","g","g","g","a"
"csp_303","Pop","a","g","c","g","a","g","g","g","a"
"csp_319","Pop","a","g","c","g","a","g","g","g","a"
"csp_306","Pop","a","g","c","g","a","g","g","g","a"
"csp_320","Pop","a","g","c","g","a","g","g","g","a"
"csp_304","Pop","a","g","c","g","a","g","g","g","a"
"csp_307","Pop","a","g","c","g","a","g","g","g","a"
"csp_308","Pop","a","g","c","g","a","g","g","g","a"
"csp_299","Pop","a","g","c","g","a","g","g","g","a"
"csp_300","Pop","a","g","c","g","a","g","g","g","a"
"csp_305","Pop","a","g","c","g","a","g","g","g","a"
"csp_282","Pop","a","g","c","g","g","g","g","g","a"
"csp_321","Pop","a","g","c","g","g","g","g","g","c"
"csp_322","Pop","a","g","c","g","g","g","g","g","c"
"csp_323","Pop","a","g","c","g","g","g","g","g","c"
"csp_324","Pop","a","g","c","g","g","g","g","g","c"
"csp_325","Pop","a","g","c","g","g","g","g","g","c"
"csp_326","Pop","a","g","c","g","g","g","g","g","c"
"csp_327","Pop","c","g","c","g","g","g","g","g","c"
"csp_329","Pop","a","g","c","g","g","g","g","g","c"
"csp_328","Pop","a","g","c","g","g","g","g","g","c"
"csp_330","Pop","a","g","c","g","g","g","g","g","c"
"csp_332","Pop","a","g","c","g","g","g","g","g","c"
"csp_331","Pop","a","g","c","g","g","g","g","g","c"
"csp_334","Pop","a","g","c","g","g","g","g","g","c"
"csp_333","Pop","a","g","c","g","g","g","g","g","c"
"csp_335","Pop","a","g","c","g","g","g","g","g","c"
"csp_336","Pop","a","g","c","g","g","g","g","g","c"
"csp_337","Pop","a","g","c","g","g","g","g","g","c"
"csp_339","Pop","a","g","c","g","g","g","g","g","c"
"csp_341","Pop","a","g","c","g","g","g","g","g","c"
"csp_344","Pop","a","g","c","g","g","g","g","g","c"
"csp_340","Pop","a","g","c","g","g","g","g","g","c"
"csp_342","Pop","a","g","c","g","g","g","g","g","c"
"csp_338","Pop","a","g","c","g","g","g","g","g","c"
"csp_345","Pop","a","g","c","g","g","g","g","g","c"
"csp_343","Pop","a","g","c","g","g","g","g","g","c"
"csp_346","Pop","a","g","c","g","g","g","g","g","c"
"csp_348","Pop","a","g","c","g","g","g","g","g","c"
"csp_350","Pop","a","g","c","g","g","g","g","g","c"
"csp_347","Pop","a","g","c","g","g","g","g","g","c"
"csp_349","Pop","a","g","c","g","g","g","g","g","c"
"csp_351","Pop","a","g","c","g","g","g","g","g","c"
"csp_352","Pop","a","g","c","g","g","g","g","g","c"
"csp_353","Pop","a","g","c","g","g","g","g","g","c"
"csp_354","Pop","a","g","c","g","g","g","g","g","c"
"csp_355","Pop","a","g","c","g","g","g","g","g","c"
"csp_356","Pop","a","g","c","g","g","g","g","g","c"
"csp_357","Pop","a","g","c","g","g","g","g","g","c"
"csp_358","Pop","a","g","c","g","g","g","g","g","c"
"csp_359","Pop","a","g","c","g","g","g","g","g","c"
"csp_360","Pop","a","g","c","g","g","g","g","g","c"
"csp_361","Pop","a","g","c","g","g","g","g","g","c"
"csp_362","Pop","a","g","c","g","g","g","g","g","c"
"csp_367","Pop","a","g","c","g","g","g","g","g","c"
"csp_366","Pop","a","g","c","g","g","g","g","g","c"
"csp_363","Pop","a","g","c","g","g","g","g","g","c"
"csp_364","Pop","a","g","c","g","g","g","g","g","c"
"csp_365","Pop","a","g","c","g","g","g","g","g","c"
"csp_368","Pop","a","g","c","g","g","g","g","g","c"
"csp_373","Pop","a","g","c","g","g","g","g","g","c"
"csp_374","Pop","a","g","c","g","g","g","g","g","c"
"csp_371","Pop","a","g","c","g","g","g","g","g","c"
"csp_372","Pop","a","g","c","g","g","g","g","g","c"
"csp_375","Pop","a","g","c","g","g","g","g","g","c"
"csp_369","Pop","a","g","c","g","g","g","g","g","c"
"csp_370","Pop","a","g","c","g","g","g","g","g","c"
"csp_769","Pop","a","g","c","g","c","a","a","c","a"
"csp_768","Pop","a","g","c","g","c","a","a","c","a"
"csp_770","Pop","a","g","c","g","c","a","a","c","a"
"csp_828","Pop","a","g","a","g","a","a","a","c","a"
"csp_829","Pop","a","g","a","g","a","a","a","c","c"
"csp_830","Pop","a","g","a","g","a","a","a","c","c"
"csp_831","Pop","a","g","a","g","a","g","g","c","a"
"csp_832","Pop","a","g","a","g","a","g","g","g","a"
"csp_833","Pop","a","g","a","g","a","g","g","g","a"
"csp_834","Pop","c","g","a","g","a","g","g","g","a"
"csp_837","Pop","c","g","a","g","a","g","g","g","a"
"csp_848","Pop","a","g","a","g","a","g","g","g","a"
"csp_847","Pop","a","g","a","g","a","g","g","g","a"
"csp_839","Pop","a","g","a","g","a","g","g","g","a"
"csp_838","Pop","a","g","a","g","a","g","g","g","a"
"csp_835","Pop","a","g","a","g","a","a","g","g","a"
"csp_836","Pop","a","g","a","g","a","g","a","g","a"
"csp_841","Pop","a","g","a","g","a","g","g","g","a"
"csp_842","Pop","a","g","a","g","a","g","g","g","a"
"csp_843","Pop","a","g","a","g","a","g","g","g","a"
"csp_845","Pop","a","g","a","g","a","g","g","g","a"
"csp_844","Pop","a","g","a","g","a","g","g","g","a"
"csp_846","Pop","a","g","a","g","a","g","g","g","a"
"csp_849","Pop","a","g","a","g","a","g","g","g","a"
"csp_850","Pop","a","g","a","g","a","g","g","g","a"
"csp_840","Pop","a","g","a","g","a","g","g","g","a"
"csp_851","Pop","a","g","a","g","a","g","g","g","a"
"csp_854","Pop","a","g","a","g","a","g","g","g","a"
"csp_852","Pop","a","g","a","g","a","g","g","g","a"
"csp_855","Pop","a","g","a","g","a","g","g","g","a"
"csp_853","Pop","a","g","a","g","a","g","g","g","a"
"csp_827","Pop","a","g","a","g","a","g","a","c","a"
"csp_771","Pop","a","g","c","g","a","g","a","c","c"
"csp_376","Pop","a","g","c","g","c","a","a","g","c"
"csp_772","Pop","a","g","a","g","t","a","a","g","a"
"csp_773","Pop","a","g","c","g","c","a","a","g","a"
"csp_774","Pop","a","g","c","g","c","a","a","g","a"
"csp_775","Pop","a","g","c","g","c","a","a","g","a"
"csp_776","Pop","a","g","c","g","c","a","a","g","a"
"csp_777","Pop","a","g","c","g","c","a","a","g","a"
"csp_778","Pop","a","g","c","g","c","a","a","g","a"
"csp_779","Pop","a","g","c","g","c","a","a","g","a"
"csp_782","Pop","a","g","c","g","c","a","a","g","a"
"csp_784","Pop","a","g","c","g","c","a","a","g","a"
"csp_781","Pop","a","g","c","g","c","a","a","g","a"
"csp_783","Pop","a","g","c","g","c","a","a","g","a"
"csp_785","Pop","a","g","c","g","c","a","a","g","a"
"csp_786","Pop","a","g","c","g","c","a","a","g","a"
"csp_780","Pop","a","g","c","g","c","a","a","g","a"
"csp_787","Pop","a","g","c","g","c","a","a","c","a"
"csp_788","Pop","a","g","c","g","t","g","a","c","c"
"csp_789","Pop","a","g","c","g","t","g","a","c","c"
"csp_790","Pop","a","g","c","g","t","a","a","c","c"
"csp_792","Pop","a","g","c","g","c","a","a","g","a"
"csp_791","Pop","a","g","c","g","c","a","a","g","a"
"csp_564","Pop","c","g","a","g","c","a","a","c","a"
"csp_793","Pop","a","g","c","g","c","a","a","g","a"
"csp_798","Pop","a","g","c","g","c","a","a","c","a"
"csp_797","Pop","a","g","c","g","c","a","a","c","a"
"csp_796","Pop","a","g","c","g","c","a","a","c","a"
"csp_794","Pop","a","g","c","g","c","a","a","c","a"
"csp_795","Pop","a","g","c","g","c","a","a","c","a"
"csp_799","Pop","a","g","c","g","c","a","a","c","a"
"csp_800","Pop","a","g","c","g","c","a","a","c","a"
"csp_801","Pop","a","g","c","g","c","a","a","c","a"
"csp_802","Pop","a","g","c","g","c","a","a","c","a"
"csp_803","Pop","a","g","c","g","c","a","a","g","a"
"csp_804","Pop","a","g","c","g","c","a","a","c","a"
"csp_806","Pop","a","g","c","g","c","a","a","c","a"
"csp_807","Pop","a","g","c","g","c","a","a","c","a"
"csp_808","Pop","a","g","c","g","c","a","a","c","a"
"csp_811","Pop","a","g","c","g","c","a","a","c","a"
"csp_812","Pop","a","g","c","g","c","a","a","c","a"
"csp_809","Pop","a","g","c","g","c","a","a","c","a"
"csp_810","Pop","a","g","c","g","c","a","a","c","a"
"csp_805","Pop","a","g","c","g","c","a","a","c","a"
"csp_813","Pop","a","g","c","g","c","a","a","c","a"
"csp_819","Pop","a","g","c","g","c","a","a","c","a"
"csp_818","Pop","a","g","c","g","c","a","a","c","a"
"csp_817","Pop","a","g","c","g","c","a","a","c","a"
"csp_816","Pop","a","g","c","g","c","a","a","c","a"
"csp_825","Pop","a","g","c","g","c","a","a","c","a"
"csp_824","Pop","a","g","c","g","c","a","a","c","a"
"csp_826","Pop","a","g","c","g","c","a","a","c","a"
"csp_823","Pop","a","g","c","g","c","a","a","c","a"
"csp_822","Pop","a","g","c","g","c","a","a","c","a"
"csp_815","Pop","a","g","c","g","c","a","a","c","a"
"csp_820","Pop","a","g","c","g","c","a","a","c","a"
"csp_814","Pop","a","g","c","g","c","a","a","c","a"
"csp_821","Pop","a","g","c","g","c","a","a","c","a"
"csp_751","Pop","c","g","a","g","a","a","a","c","a"
"csp_749","Pop","c","g","a","g","a","a","a","c","a"
"csp_750","Pop","c","g","a","g","a","a","a","c","a"
"csp_752","Pop","c","g","a","g","a","a","a","c","a"
"csp_753","Pop","c","g","a","g","a","a","a","c","a"
"csp_763","Pop","c","g","a","g","a","a","a","c","a"
"csp_764","Pop","c","g","a","g","a","a","a","c","a"
"csp_755","Pop","c","g","a","g","a","a","a","c","a"
"csp_754","Pop","c","g","a","g","a","a","a","c","a"
"csp_757","Pop","c","g","a","g","a","a","a","c","a"
"csp_758","Pop","c","g","a","g","a","a","a","c","a"
"csp_756","Pop","c","g","a","g","a","a","a","c","a"
"csp_762","Pop","c","g","a","g","a","a","a","c","a"
"csp_760","Pop","c","g","a","g","a","a","a","c","a"
"csp_759","Pop","c","g","a","g","a","a","a","c","a"
"csp_761","Pop","c","g","a","g","a","a","a","c","a"
"csp_765","Pop","c","g","a","g","a","a","a","c","a"
"csp_766","Pop","c","g","a","g","a","a","a","c","a"
"csp_767","Pop","c","g","a","g","a","a","a","c","a"
"csp_552","Pop","c","g","a","g","c","a","a","c","c"
"csp_554","Pop","c","g","a","g","t","a","a","c","c"
"csp_553","Pop","c","g","a","g","c","a","a","c","c"
"csp_447","Pop","c","g","a","g","g","g","a","c","c"
"csp_448","Pop","c","g","a","g","g","g","a","c","c"
"csp_449","Pop","c","g","a","g","g","g","a","c","c"
"csp_433","Pop","c","g","a","g","g","g","a","c","c"
"csp_434","Pop","c","g","a","g","g","g","a","c","c"
"csp_435","Pop","c","g","a","g","g","g","a","c","c"
"csp_441","Pop","c","g","a","g","g","g","a","c","c"
"csp_440","Pop","c","g","a","g","g","g","a","c","c"
"csp_444","Pop","c","g","a","g","g","g","a","c","c"
"csp_445","Pop","c","g","a","g","g","g","a","c","c"
"csp_438","Pop","c","g","a","g","g","g","a","c","c"
"csp_439","Pop","c","g","a","g","g","g","a","c","c"
"csp_442","Pop","c","g","a","g","g","g","a","c","c"
"csp_443","Pop","c","g","a","g","g","g","a","c","c"
"csp_436","Pop","c","g","a","g","g","g","a","c","c"
"csp_437","Pop","c","g","a","g","g","g","a","c","c"
"csp_456","Pop","c","g","a","g","g","g","a","c","c"
"csp_457","Pop","c","g","a","g","g","g","a","c","c"
"csp_453","Pop","c","g","a","g","g","g","a","c","c"
"csp_454","Pop","c","g","a","g","g","g","a","c","c"
"csp_455","Pop","c","g","a","g","g","g","a","c","c"
"csp_466","Pop","c","g","a","g","a","g","a","c","c"
"csp_450","Pop","c","g","a","g","g","g","a","c","c"
"csp_451","Pop","c","g","a","g","g","g","a","c","c"
"csp_459","Pop","c","g","a","g","g","g","a","c","c"
"csp_458","Pop","c","g","a","g","g","g","a","c","c"
"csp_461","Pop","c","g","a","g","g","g","a","c","c"
"csp_460","Pop","c","g","a","g","g","g","a","c","c"
"csp_462","Pop","c","g","a","g","g","g","a","c","c"
"csp_463","Pop","c","g","a","g","g","g","a","c","c"
"csp_465","Pop","c","g","a","g","g","g","a","c","c"
"csp_464","Pop","c","g","a","g","g","g","a","c","c"
"csp_467","Pop","c","g","a","g","g","g","t","c","c"
"csp_468","Pop","c","g","a","g","g","g","c","c","c"
"csp_469","Pop","c","g","a","g","g","g","a","c","c"
"csp_470","Pop","c","g","a","g","g","g","a","c","c"
"csp_471","Pop","c","g","a","g","g","g","a","c","c"
"csp_472","Pop","c","g","a","g","g","g","a","c","c"
"csp_475","Pop","c","g","a","g","g","g","a","c","c"
"csp_476","Pop","c","g","a","g","g","g","a","c","c"
"csp_478","Pop","c","g","a","g","g","g","a","c","c"
"csp_479","Pop","c","g","a","g","g","g","a","c","c"
"csp_477","Pop","c","g","a","g","g","g","a","c","c"
"csp_485","Pop","c","g","a","g","g","g","a","c","c"
"csp_487","Pop","c","g","a","g","g","g","a","c","c"
"csp_484","Pop","c","g","a","g","g","g","a","c","c"
"csp_486","Pop","c","g","a","g","g","g","a","c","c"
"csp_482","Pop","c","g","a","g","g","g","a","c","c"
"csp_488","Pop","c","g","a","g","g","g","a","c","c"
"csp_480","Pop","c","g","a","g","g","g","a","c","c"
"csp_483","Pop","c","g","a","g","g","g","a","c","c"
"csp_494","Pop","c","g","a","g","g","g","a","c","c"
"csp_493","Pop","c","g","a","g","g","g","a","c","c"
"csp_490","Pop","c","g","a","g","g","g","a","c","c"
"csp_491","Pop","c","g","a","g","g","g","a","c","c"
"csp_492","Pop","c","g","a","g","g","g","a","c","c"
"csp_495","Pop","c","g","a","g","g","g","a","c","c"
"csp_497","Pop","c","g","a","g","g","g","a","c","c"
"csp_496","Pop","c","g","a","g","g","g","a","c","c"
"csp_499","Pop","c","g","a","g","g","g","a","c","c"
"csp_498","Pop","c","g","a","g","g","g","a","c","c"
"csp_502","Pop","c","g","a","g","g","g","a","c","c"
"csp_501","Pop","c","g","a","g","g","g","a","c","c"
"csp_500","Pop","c","g","a","g","g","g","a","c","c"
"csp_506","Pop","c","g","a","g","g","g","a","c","c"
"csp_505","Pop","c","g","a","g","g","g","a","c","c"
"csp_503","Pop","c","g","a","g","g","g","a","c","c"
"csp_504","Pop","c","g","a","g","g","g","a","c","c"
"csp_507","Pop","c","g","a","g","g","g","a","c","c"
"csp_510","Pop","c","g","a","g","g","g","a","c","c"
"csp_509","Pop","c","g","a","g","g","g","a","c","c"
"csp_511","Pop","c","g","a","g","g","g","a","c","c"
"csp_512","Pop","c","g","a","g","g","g","a","c","c"
"csp_515","Pop","c","g","a","g","g","g","a","c","c"
"csp_516","Pop","c","g","a","g","g","g","a","c","c"
"csp_517","Pop","c","g","a","g","g","g","a","c","c"
"csp_518","Pop","c","g","a","g","g","g","a","c","c"
"csp_519","Pop","c","g","a","g","g","g","a","c","c"
"csp_526","Pop","c","g","a","g","g","g","a","c","c"
"csp_527","Pop","c","g","a","g","g","g","a","c","c"
"csp_513","Pop","c","g","a","g","g","g","a","c","c"
"csp_514","Pop","c","g","a","g","g","g","a","c","c"
"csp_533","Pop","c","g","a","g","g","g","a","c","c"
"csp_534","Pop","c","g","a","g","g","g","a","c","c"
"csp_521","Pop","c","g","a","g","g","g","a","c","c"
"csp_523","Pop","c","g","a","g","g","g","a","c","c"
"csp_524","Pop","c","g","a","g","g","g","a","c","c"
"csp_530","Pop","c","g","a","g","g","g","a","c","c"
"csp_535","Pop","c","g","a","g","g","g","a","c","c"
"csp_539","Pop","c","g","a","g","g","g","a","c","c"
"csp_540","Pop","c","g","a","g","g","g","a","c","c"
"csp_541","Pop","c","g","a","g","g","g","a","c","c"
"csp_549","Pop","c","g","a","g","g","g","a","c","c"
"csp_545","Pop","c","g","a","g","g","g","a","c","c"
"csp_547","Pop","c","g","a","g","g","g","a","c","c"
"csp_546","Pop","c","g","a","g","g","g","a","c","c"
"csp_548","Pop","c","g","a","g","g","g","a","c","c"
"csp_542","Pop","c","g","a","g","g","g","a","c","c"
"csp_544","Pop","c","g","a","g","g","g","a","c","c"
"csp_543","Pop","c","g","a","g","g","g","a","c","c"
"csp_550","Pop","c","g","a","g","g","a","a","c","c"
"csp_551","Pop","c","g","a","g","g","g","a","c","c"
"csp_734","Pop","c","g","a","c","a","a","a","c","c"
"csp_735","Pop","c","g","a","c","a","a","a","c","c"
"csp_736","Pop","c","g","a","c","a","a","a","c","c"
"csp_737","Pop","c","g","a","c","a","a","a","c","c"
"csp_738","Pop","c","g","a","c","a","a","a","c","c"
"csp_739","Pop","c","g","a","c","a","a","a","c","c"
"csp_557","Pop","c","g","a","g","t","g","a","c","t"
"csp_555","Pop","c","g","a","g","c","g","a","c","c"
"csp_556","Pop","c","g","a","g","c","g","a","c","c"
"csp_558","Pop","c","g","a","g","c","a","a","g","c"
"csp_570","Pop","c","g","a","g","c","a","a","c","c"
"csp_567","Pop","c","g","a","g","c","a","a","c","c"
"csp_565","Pop","c","g","a","g","c","a","a","c","c"
"csp_573","Pop","c","g","a","g","c","a","a","c","c"
"csp_598","Pop","c","g","a","g","c","a","a","c","c"
"csp_597","Pop","c","g","a","g","c","a","a","c","c"
"csp_599","Pop","c","g","a","g","c","a","a","c","c"
"csp_583","Pop","c","g","a","g","c","a","a","c","c"
"csp_586","Pop","c","g","a","g","c","a","a","c","c"
"csp_559","Pop","a","g","a","g","t","a","a","c","c"
"csp_446","Pop","c","g","a","g","g","a","a","c","c"
"csp_560","Pop","c","g","a","g","t","a","a","c","a"
"csp_561","Pop","a","g","a","g","t","a","a","c","c"
"csp_562","Pop","c","g","a","g","t","a","a","c","c"
"csp_563","Pop","c","g","a","g","t","a","a","c","c"
"csp_576","Pop","c","g","a","g","t","a","a","c","c"
"csp_575","Pop","c","g","a","g","t","a","a","c","c"
"csp_566","Pop","c","g","a","g","c","a","a","c","c"
"csp_569","Pop","c","g","a","g","c","a","a","c","c"
"csp_574","Pop","c","g","a","g","c","a","a","c","c"
"csp_572","Pop","c","g","a","g","c","a","a","c","c"
"csp_571","Pop","c","g","a","g","c","a","a","c","c"
"csp_568","Pop","c","g","a","g","c","a","a","c","c"
"csp_579","Pop","c","g","a","g","t","a","a","c","c"
"csp_577","Pop","c","g","a","g","c","a","a","c","c"
"csp_578","Pop","c","g","a","g","c","a","a","c","c"
"csp_580","Pop","c","g","a","g","t","a","a","c","c"
"csp_581","Pop","c","g","a","g","t","a","a","c","c"
"csp_584","Pop","c","g","a","g","c","a","a","c","c"
"csp_585","Pop","c","g","a","g","t","a","a","c","c"
"csp_595","Pop","c","g","a","g","t","a","a","c","c"
"csp_587","Pop","c","g","a","g","t","a","a","c","c"
"csp_592","Pop","c","g","a","g","t","a","a","c","c"
"csp_588","Pop","c","g","a","g","c","a","a","c","c"
"csp_591","Pop","c","g","a","g","c","a","a","c","c"
"csp_600","Pop","c","g","a","g","t","a","a","c","c"
"csp_596","Pop","c","g","a","g","t","a","a","c","c"
"csp_593","Pop","c","g","a","g","c","a","a","c","c"
"csp_594","Pop","c","g","a","g","c","a","a","c","c"
"csp_602","Pop","c","g","a","g","t","a","a","c","c"
"csp_601","Pop","c","g","a","g","t","a","a","c","c"
"csp_610","Pop","c","g","a","g","c","a","a","c","c"
"csp_611","Pop","c","g","a","g","c","a","a","c","c"
"csp_612","Pop","c","g","a","g","c","a","a","c","c"
"csp_608","Pop","c","g","a","g","c","a","a","c","c"
"csp_605","Pop","c","g","a","g","c","a","a","c","c"
"csp_609","Pop","c","g","a","g","c","a","a","c","c"
"csp_607","Pop","c","g","a","g","c","a","a","c","c"
"csp_606","Pop","c","g","a","g","c","a","a","c","c"
"csp_603","Pop","c","g","a","g","t","a","a","c","c"
"csp_604","Pop","c","g","a","g","t","a","a","c","c"
"csp_452","Pop","a","g","a","g","g","a","a","c","c"
"csp_741","Pop","c","g","a","g","a","a","a","c","c"
"csp_742","Pop","c","g","a","g","a","a","a","c","c"
"csp_743","Pop","c","g","a","g","a","a","a","c","c"
"csp_744","Pop","c","g","a","g","a","a","a","c","c"
"csp_747","Pop","c","g","a","g","a","a","a","c","c"
"csp_746","Pop","c","g","a","g","a","a","a","c","c"
"csp_748","Pop","c","g","a","g","a","a","a","c","c"
"csp_745","Pop","c","g","a","g","a","a","a","c","c"
"csp_481","Pop","c","g","a","g","g","a","a","c","c"
"csp_489","Pop","c","g","a","g","g","a","a","c","c"
"csp_508","Pop","c","g","a","g","g","a","a","c","c"
"csp_474","Pop","c","g","a","g","g","a","a","c","c"
"csp_473","Pop","c","g","a","g","g","a","a","c","c"
"csp_582","Pop","c","g","a","g","a","a","a","a","c"
"csp_531","Pop","c","g","a","g","g","a","a","c","c"
"csp_532","Pop","c","g","a","g","g","g","a","c","c"
"csp_589","Pop","c","g","a","g","a","a","a","c","c"
"csp_590","Pop","c","g","a","g","a","a","a","c","c"
"csp_520","Pop","c","g","a","g","g","a","a","c","c"
"csp_522","Pop","c","g","a","g","g","a","a","c","c"
"csp_525","Pop","c","g","a","g","g","a","a","c","c"
"csp_528","Pop","c","g","a","g","g","a","a","c","c"
"csp_529","Pop","c","g","a","g","g","a","a","c","a"
"csp_536","Pop","c","g","a","g","g","a","a","c","c"
"csp_538","Pop","c","g","a","g","g","a","a","c","c"
"csp_537","Pop","c","g","a","g","g","a","a","c","c"
"csp_740","Pop","c","g","a","g","a","a","a","g","a"
"csp_615","Pop","a","g","c","c","a","a","a","g","a"
"csp_616","Pop","a","g","c","c","a","a","a","g","a"
"csp_620","Pop","a","g","c","c","a","a","a","g","a"
"csp_619","Pop","a","g","c","c","a","a","a","g","a"
"csp_618","Pop","a","g","c","c","a","a","a","g","a"
"csp_617","Pop","a","g","c","c","a","a","a","g","a"
"csp_627","Pop","a","g","c","c","a","a","a","g","a"
"csp_626","Pop","a","g","c","c","a","a","a","g","a"
"csp_623","Pop","a","g","c","g","a","a","a","g","a"
"csp_624","Pop","a","g","c","c","a","a","a","g","a"
"csp_625","Pop","a","g","c","c","a","a","a","g","a"
"csp_621","Pop","a","g","c","c","a","a","a","g","a"
"csp_622","Pop","a","g","c","c","a","a","a","g","a"
"csp_613","Pop","a","g","c","c","a","a","a","g","a"
"csp_614","Pop","a","g","c","c","a","a","a","g","a"
"csp_629","Pop","a","g","c","c","a","a","a","g","a"
"csp_628","Pop","a","g","c","c","a","a","a","g","a"
"csp_630","Pop","a","g","c","c","a","a","a","g","a"
"csp_631","Pop","a","g","c","c","a","a","a","g","a"
"csp_633","Pop","a","g","c","c","a","a","a","g","a"
"csp_632","Pop","a","g","c","c","a","a","a","g","a"
"csp_634","Pop","a","g","c","c","a","a","a","g","a"
"csp_635","Pop","a","g","c","c","a","a","a","g","a"
"csp_636","Pop","a","g","c","c","a","a","a","g","a"
"csp_637","Pop","a","g","c","c","a","a","a","g","a"
"csp_639","Pop","a","g","c","c","a","a","a","g","a"
"csp_643","Pop","a","g","c","c","a","a","a","g","a"
"csp_646","Pop","a","g","c","c","a","a","a","g","a"
"csp_641","Pop","a","g","c","c","a","a","a","g","a"
"csp_638","Pop","a","g","c","c","a","a","a","g","a"
"csp_640","Pop","a","g","c","c","a","a","a","g","a"
"csp_642","Pop","a","g","c","c","a","a","a","g","a"
"csp_645","Pop","a","g","c","c","a","a","a","g","a"
"csp_644","Pop","a","g","c","c","a","a","a","g","a"
"csp_647","Pop","a","g","c","c","a","a","a","g","a"
"csp_648","Pop","a","g","c","c","a","a","a","g","a"
"csp_649","Pop","a","g","c","c","a","a","a","g","a"
"csp_650","Pop","a","g","c","c","a","a","a","g","a"
"csp_651","Pop","a","g","c","c","a","a","a","g","a"
"csp_655","Pop","a","g","c","c","a","a","a","g","a"
"csp_656","Pop","a","g","c","c","a","a","a","g","a"
"csp_657","Pop","a","g","c","c","a","a","a","g","a"
"csp_652","Pop","a","g","c","c","a","a","a","g","a"
"csp_659","Pop","a","g","c","c","a","a","a","g","a"
"csp_658","Pop","a","g","c","c","a","a","a","g","a"
"csp_661","Pop","a","g","c","c","a","a","a","g","a"
"csp_660","Pop","a","g","c","c","a","a","a","g","a"
"csp_662","Pop","a","g","c","c","a","a","a","g","a"
"csp_663","Pop","a","g","c","c","a","a","a","g","a"
"csp_665","Pop","a","g","c","c","a","a","a","g","a"
"csp_664","Pop","a","g","c","c","a","a","a","g","a"
"csp_653","Pop","a","g","c","c","a","a","a","g","a"
"csp_654","Pop","a","g","c","c","c","a","a","g","a"
"csp_666","Pop","a","g","c","c","a","a","a","g","a"
"csp_667","Pop","a","g","c","c","a","a","a","g","a"
"csp_668","Pop","a","g","c","c","a","a","a","g","a"
"csp_669","Pop","a","g","c","c","a","a","a","g","a"
"csp_670","Pop","a","g","c","c","a","a","a","g","a"
"csp_671","Pop","a","g","c","c","a","a","a","g","a"
"csp_672","Pop","a","g","g","g","a","a","a","g","a"
"csp_673","Pop","a","g","c","g","a","a","a","g","a"
"csp_674","Pop","a","g","c","g","a","a","a","g","a"
"csp_675","Pop","a","g","g","g","a","a","a","g","a"
"csp_676","Pop","a","g","c","g","a","a","a","g","a"
"csp_677","Pop","c","g","a","g","a","a","a","g","a"
"csp_678","Pop","a","g","c","c","a","a","a","g","a"
"csp_679","Pop","a","g","g","g","a","a","a","g","a"
"csp_680","Pop","a","g","c","g","a","a","a","g","a"
"csp_681","Pop","a","g","c","g","a","a","a","g","a"
"csp_683","Pop","a","g","c","g","a","a","a","g","a"
"csp_682","Pop","a","g","c","g","a","a","a","g","a"
"csp_684","Pop","a","g","c","g","a","a","a","g","a"
"csp_685","Pop","a","g","c","g","a","a","a","g","a"
"csp_686","Pop","a","g","c","g","a","a","a","g","a"
"csp_687","Pop","a","g","c","g","a","a","a","g","a"
"csp_689","Pop","a","g","c","g","a","a","a","g","a"
"csp_688","Pop","a","g","c","g","a","a","a","g","a"
"csp_690","Pop","a","g","c","g","a","a","a","g","a"
"csp_694","Pop","a","g","c","g","a","a","a","g","a"
"csp_693","Pop","a","g","c","g","a","a","a","g","a"
"csp_691","Pop","a","g","c","g","a","a","a","g","a"
"csp_695","Pop","a","g","c","g","a","a","a","g","a"
"csp_696","Pop","a","g","c","g","a","a","a","g","a"
"csp_692","Pop","a","g","c","g","a","a","a","g","a"
"csp_699","Pop","a","g","c","g","a","a","a","g","a"
"csp_698","Pop","a","g","c","g","a","a","a","g","a"
"csp_697","Pop","a","g","c","g","a","a","a","g","a"
"csp_700","Pop","a","g","c","g","a","a","a","g","a"
"csp_703","Pop","a","g","c","g","a","a","a","g","a"
"csp_701","Pop","a","g","c","g","a","a","a","g","a"
"csp_702","Pop","a","g","c","g","a","a","a","g","a"
"csp_710","Pop","a","g","c","g","a","a","a","g","a"
"csp_709","Pop","a","g","c","g","a","a","a","g","a"
"csp_711","Pop","a","g","c","g","a","a","a","g","a"
"csp_706","Pop","a","g","c","g","a","a","a","g","a"
"csp_705","Pop","a","g","c","g","a","a","a","g","a"
"csp_704","Pop","a","g","c","g","a","a","a","g","a"
"csp_708","Pop","a","g","c","g","a","a","a","g","a"
"csp_707","Pop","a","g","c","g","a","a","a","g","a"
"csp_712","Pop","a","a","g","g","a","g","g","g","a"
"csp_713","Pop","a","a","g","g","a","a","a","g","a"
"csp_714","Pop","a","a","g","g","a","a","a","g","a"
"csp_715","Pop","a","a","g","g","a","a","a","g","a"
"csp_716","Pop","a","a","g","g","a","a","a","g","a"
"csp_717","Pop","a","a","g","g","a","a","a","g","a"
"csp_718","Pop","a","a","g","g","a","a","a","g","a"
"csp_719","Pop","a","a","g","g","a","a","a","g","a"
"csp_720","Pop","a","a","g","g","a","a","a","g","a"
"csp_721","Pop","a","a","g","g","a","a","a","g","a"
"csp_723","Pop","a","a","g","g","a","a","a","g","a"
"csp_722","Pop","a","a","g","g","a","a","a","g","a"
"csp_726","Pop","a","a","g","g","a","a","a","g","a"
"csp_727","Pop","a","a","g","g","a","a","a","g","a"
"csp_730","Pop","a","a","g","g","a","a","a","g","a"
"csp_729","Pop","a","a","g","g","a","a","a","g","a"
"csp_732","Pop","a","a","g","g","a","a","a","g","a"
"csp_724","Pop","a","a","g","g","a","a","a","g","a"
"csp_731","Pop","a","a","g","g","a","a","a","g","a"
"csp_728","Pop","a","a","g","g","a","a","a","g","a"
"csp_725","Pop","a","a","g","g","a","a","a","g","a"
"csp_733","Pop","a","a","g","g","a","a","a","g","a"
