39,109,1,109,,,,,,,,,,,,,,,,,,,,,,,,,,,,,,,,,,,,,
,,,Pop,,,,,,,,,,,,,,,,,,,,,,,,,,,,,,,,,,,,,
Ind,Pop,75,95,97,102,103,110,112,114,116,117,118,119,200,201,202,203,211,215,216,222,226,227,233,305,311,318,326,329,338,340,341,345,346,347,350,352,358,374,420
"cpmpt2_171","Pop","a","g","a","c","c","a","a","c","a","a","a","a","a","a","g","a","c","g","g","c","g","g","t","c","a","g","0","0","0","0","0","0","0","0","0","0","0","0","0"
"cpmpt2_153","Pop","t","g","a","c","c","a","a","c","a","a","a","a","a","a","g","a","c","g","g","c","g","g","t","c","a","g","g","a","g","c","g","a","a","g","a","a","a","t","t"
"cpmpt2_152","Pop","t","g","a","c","c","a","a","c","a","a","a","a","a","a","g","a","c","g","g","c","g","g","t","c","a","g","g","a","g","c","g","a","a","g","a","a","a","t","t"
"cpmpt2_163","Pop","t","g","a","c","c","c","a","c","a","a","a","a","a","a","g","a","c","g","g","c","g","g","t","c","a","g","g","c","g","c","g","a","a","g","c","a","g","c","0"
"cpmpt2_164","Pop","t","g","a","c","c","c","a","c","a","a","a","a","a","a","g","a","c","g","g","c","g","g","t","c","a","g","g","0","0","0","0","0","0","0","0","0","0","0","0"
"cpmpt2_139","Pop","t","g","a","c","c","g","a","c","a","a","a","a","a","a","g","a","c","g","g","c","g","g","t","c","a","g","g","c","g","c","g","a","a","g","c","a","g","0","0"
"cpmpt2_165","Pop","t","g","a","c","c","g","a","c","a","a","a","a","a","a","g","a","c","g","g","c","g","g","t","c","a","g","g","c","g","c","g","a","0","0","0","0","0","0","0"
"cpmpt2_76","Pop","t","a","a","c","c","g","a","c","a","a","a","a","c","t","a","c","a","t","t","t","a","g","a","a","a","g","g","a","a","c","a","a","a","g","c","a","a","c","0"
"cpmpt2_73","Pop","t","g","a","c","c","g","a","c","a","a","a","a","c","t","a","c","a","t","t","t","a","g","t","a","c","a","t","c","g","c","g","a","a","t","c","a","a","c","t"
"cpmpt2_201","Pop","t","g","a","c","c","g","a","c","a","a","a","a","a","a","g","a","c","g","g","t","a","g","a","a","c","a","t","c","a","g","g","g","g","a","a","c","a","c","t"
"cpmpt2_192","Pop","t","g","a","c","c","g","a","c","a","a","a","a","a","a","g","a","c","g","g","c","g","g","t","a","c","a","t","c","g","c","g","a","a","g","a","c","a","0","0"
"cpmpt2_217","Pop","t","g","a","c","c","c","a","c","a","a","a","a","a","a","g","a","c","g","g","c","g","g","a","a","c","0","0","0","0","0","0","0","0","0","0","0","0","0","0"
"cpmpt2_214","Pop","t","g","a","c","c","c","a","c","a","a","a","a","a","a","g","a","c","g","g","c","g","g","a","a","c","a","0","0","0","0","0","0","0","0","0","0","0","0","0"
"cpmpt2_227","Pop","t","g","a","c","c","c","a","c","a","a","a","a","a","a","g","a","c","g","g","c","g","g","a","a","c","a","t","c","a","c","a","a","a","a","c","a","a","c","t"
"cpmpt2_224","Pop","t","g","a","c","c","c","a","c","a","a","a","a","a","a","g","a","c","g","g","c","g","g","a","a","c","a","t","c","a","c","a","a","a","a","c","a","a","c","0"
"cpmpt2_225","Pop","t","g","a","c","c","c","a","c","a","a","a","a","a","a","g","a","c","g","g","c","g","g","a","a","c","a","t","c","a","c","a","a","a","a","c","a","a","c","0"
"cpmpt2_226","Pop","t","g","a","c","c","c","a","c","a","a","a","a","a","a","g","a","c","g","g","c","g","g","a","a","c","a","t","c","0","0","0","0","0","0","0","0","0","0","0"
"cpmpt2_223","Pop","t","g","a","c","c","c","a","c","a","a","a","a","a","a","g","a","c","g","g","c","g","g","a","a","c","a","0","0","0","0","0","0","0","0","0","0","0","0","0"
"cpmpt2_228","Pop","t","g","a","c","c","c","a","c","a","a","a","a","a","a","g","a","c","g","g","c","g","g","a","a","c","a","t","c","a","c","a","a","a","a","c","a","a","c","t"
"cpmpt2_238","Pop","t","g","a","c","c","c","a","c","a","a","a","a","a","a","g","a","c","g","g","c","g","g","a","a","c","a","t","c","a","c","a","a","a","a","c","a","a","c","t"
"cpmpt2_248","Pop","t","g","a","c","c","c","a","c","a","a","a","a","a","a","g","a","c","g","g","c","g","g","a","a","c","a","t","c","a","c","a","0","0","0","0","0","0","0","0"
"cpmpt2_247","Pop","t","g","a","c","c","c","a","c","a","a","a","a","a","a","g","a","c","g","g","c","g","g","a","a","c","a","t","c","a","0","0","0","0","0","0","0","0","0","0"
"cpmpt2_245","Pop","t","g","a","c","c","c","a","c","a","a","a","a","a","a","g","a","c","g","g","c","g","g","a","a","c","a","t","c","a","c","a","a","a","a","c","0","0","0","0"
"cpmpt2_246","Pop","t","g","a","c","c","c","a","c","a","a","a","a","a","a","g","a","c","g","g","c","g","g","a","a","c","a","t","c","a","c","a","a","a","a","c","a","a","c","0"
"cpmpt2_240","Pop","t","g","a","c","c","c","a","c","a","a","a","a","a","0","g","a","c","g","g","c","g","g","a","a","c","a","t","0","0","0","0","0","0","0","0","0","0","0","0"
"cpmpt2_241","Pop","t","g","a","c","c","c","a","c","a","a","a","a","a","a","g","a","c","g","g","c","0","g","a","a","c","a","t","0","0","0","0","0","0","0","0","0","0","0","0"
"cpmpt2_243","Pop","t","g","a","c","c","c","a","c","a","a","a","a","a","a","g","a","c","g","g","c","g","g","a","a","c","a","t","0","0","0","0","0","0","0","0","0","0","0","0"
"cpmpt2_239","Pop","t","g","a","c","c","c","a","c","a","a","a","a","a","a","g","a","c","g","g","c","g","g","a","a","c","a","t","c","g","c","g","0","0","0","0","0","0","0","0"
"cpmpt2_244","Pop","t","g","a","c","c","c","a","c","a","a","a","a","a","a","g","a","c","g","g","c","g","g","a","a","c","a","t","0","0","0","0","0","0","0","0","0","0","0","0"
"cpmpt2_78","Pop","t","g","a","c","c","c","a","c","a","a","a","a","c","t","a","c","a","t","t","t","a","g","a","a","c","g","g","a","a","g","t","g","g","a","a","c","a","0","0"
"cpmpt2_272","Pop","t","g","a","c","c","g","a","c","a","a","a","a","a","a","g","a","a","t","t","t","a","g","a","a","c","a","t","c","0","0","0","0","0","0","0","0","0","0","0"
"cpmpt2_93","Pop","t","g","a","c","c","g","a","c","a","a","a","a","c","t","a","c","a","t","t","t","a","g","a","a","c","a","t","c","g","c","g","a","a","g","0","0","0","0","0"
"cpmpt2_94","Pop","t","g","a","c","c","g","a","c","a","a","a","a","c","t","a","c","a","t","t","t","a","g","a","a","c","a","t","c","0","0","0","0","0","0","0","0","0","0","0"
"cpmpt2_123","Pop","t","g","a","c","c","g","a","c","a","a","a","a","c","t","a","c","a","t","t","t","a","g","a","a","c","g","g","a","a","g","g","g","g","a","a","c","0","0","0"
"cpmpt2_132","Pop","t","g","a","c","c","g","a","c","a","a","a","a","c","t","a","c","a","t","t","t","a","g","a","a","c","a","t","c","0","0","0","0","0","0","0","0","0","0","0"
"cpmpt2_2","Pop","t","g","a","c","c","g","a","c","a","a","a","a","c","t","a","c","a","t","t","t","g","a","a","c","a","a","g","c","g","c","g","a","a","g","a","a","a","c","t"
"cpmpt2_4","Pop","t","g","a","c","c","g","a","c","a","a","a","a","c","t","a","c","a","t","t","t","g","a","a","c","a","a","g","c","g","c","g","a","a","g","a","a","a","c","t"
"cpmpt2_21","Pop","t","g","a","c","c","g","a","c","a","a","a","a","c","t","a","c","a","t","t","t","g","a","a","a","c","g","g","a","g","c","g","a","a","t","c","a","a","c","a"
"cpmpt2_70","Pop","t","g","a","c","c","g","a","c","a","a","a","a","c","t","a","c","a","t","t","t","g","a","a","a","c","g","0","0","0","0","0","0","0","0","0","0","0","0","0"
"cpmpt2_49","Pop","t","g","a","c","c","g","a","c","a","a","a","a","c","t","a","c","a","t","t","t","g","a","a","a","c","g","g","c","g","c","g","a","a","t","c","a","a","c","t"
"cpmpt2_41","Pop","t","g","a","c","c","g","a","c","a","a","a","a","c","t","a","c","a","t","t","t","g","a","a","a","c","g","g","c","g","c","g","a","0","0","0","0","0","0","0"
"cpmpt2_39","Pop","t","g","a","c","c","g","a","c","a","a","a","a","c","t","a","c","a","t","t","t","g","a","a","a","c","g","g","c","g","c","g","a","a","t","c","a","a","c","t"
"cpmpt2_42","Pop","t","g","a","c","c","g","a","c","a","a","a","a","c","t","a","c","a","t","t","t","g","a","a","a","c","g","g","c","g","c","g","a","a","t","c","a","0","0","0"
"cpmpt2_40","Pop","t","g","a","c","c","g","a","c","a","a","a","a","c","t","a","c","a","t","t","t","g","a","a","a","c","g","g","c","g","c","g","a","a","t","c","a","a","c","t"
"cpmpt2_30","Pop","t","g","a","c","c","g","a","c","a","a","a","a","c","t","a","c","a","t","t","t","g","a","a","a","c","g","g","a","a","g","g","g","g","a","a","c","a","c","t"
"cpmpt2_29","Pop","t","g","a","c","c","g","a","c","a","a","a","a","c","t","a","c","a","t","t","t","g","a","a","a","c","g","g","a","a","g","g","g","g","a","a","c","a","c","t"
"cpmpt2_45","Pop","t","g","a","c","c","g","a","c","a","a","a","a","c","t","a","c","a","t","t","t","0","g","a","a","c","g","g","0","0","0","0","0","0","0","0","0","0","0","0"
"cpmpt2_44","Pop","t","g","a","c","c","g","a","c","a","a","a","a","c","t","a","c","a","t","t","t","0","g","a","a","c","g","g","a","a","g","g","g","g","a","a","c","0","0","0"
"cpmpt2_43","Pop","t","g","a","c","c","g","a","c","a","a","a","a","c","t","a","c","a","t","t","0","g","a","a","a","c","g","g","0","0","0","0","0","0","0","0","0","0","0","0"
"cpmpt2_285","Pop","a","g","a","a","a","a","g","c","a","a","a","a","a","a","g","a","a","t","t","t","a","g","a","a","c","g","g","a","a","g","g","g","g","a","a","c","a","c","t"
"cpmpt2_284","Pop","a","g","a","a","a","a","g","c","a","a","a","a","a","a","g","a","a","t","t","t","a","g","a","a","c","g","g","a","a","g","g","g","g","a","a","c","0","0","0"
"cpmpt2_71","Pop","t","g","a","a","a","a","g","c","a","a","a","a","c","t","a","c","a","t","t","t","a","g","a","c","a","a","g","a","a","g","g","g","g","a","a","c","a","c","0"
"cpmpt2_117","Pop","t","g","a","a","a","a","g","c","a","a","a","a","c","t","a","c","a","t","t","t","a","g","a","a","c","a","0","0","0","0","0","0","0","0","0","0","0","0","0"
"cpmpt2_118","Pop","t","g","a","a","a","a","g","c","a","a","a","a","c","t","a","c","a","t","t","t","a","g","a","a","c","a","t","c","a","g","g","g","g","a","a","c","a","c","a"
"cpmpt2_81","Pop","t","a","a","a","a","a","g","c","a","a","a","a","c","t","a","c","a","t","t","t","a","g","a","a","c","g","g","a","a","g","g","g","g","a","a","c","0","0","0"
"cpmpt2_87","Pop","t","a","a","a","a","a","g","c","a","a","a","a","c","t","a","c","a","t","t","t","a","g","a","a","c","a","t","c","0","0","0","0","0","0","0","0","0","0","0"
"cpmpt2_86","Pop","t","a","a","a","a","a","g","c","a","a","a","a","c","t","a","c","a","t","t","t","a","g","a","a","c","a","g","c","a","c","a","a","a","g","a","a","a","c","t"
"cpmpt2_89","Pop","t","a","a","a","a","a","g","c","a","a","a","a","c","t","a","c","a","t","t","t","a","g","a","a","c","a","0","0","0","0","0","0","0","0","0","0","0","0","0"
"cpmpt2_6","Pop","t","g","a","a","a","a","g","c","a","a","a","a","c","t","a","c","a","t","t","t","g","a","a","c","a","g","0","0","0","0","0","0","0","0","0","0","0","0","0"
"cpmpt2_25","Pop","t","g","a","a","a","a","g","c","a","a","a","a","c","t","a","c","a","t","t","t","g","a","a","a","c","a","0","0","0","0","0","0","0","0","0","0","0","0","0"
"cpmpt2_56","Pop","a","g","a","a","a","a","g","c","a","a","a","a","c","t","a","c","a","t","t","t","g","a","a","a","c","g","g","a","a","g","g","g","g","a","a","c","a","c","0"
"cpmpt2_55","Pop","a","g","a","a","a","a","g","c","a","a","a","a","c","t","a","c","a","t","t","0","g","a","a","a","c","g","g","a","a","g","g","g","g","a","a","c","a","0","0"
"cpmpt2_53","Pop","a","g","a","a","a","a","g","c","a","a","a","a","c","t","a","c","a","t","t","t","g","a","a","a","c","g","g","a","a","g","g","g","g","a","a","c","a","c","0"
"cpmpt2_54","Pop","a","g","a","a","a","a","g","c","a","a","a","a","c","t","a","c","a","t","t","t","g","a","a","a","c","g","g","a","a","g","g","g","g","a","a","c","a","0","0"
"cpmpt2_52","Pop","a","g","a","a","a","a","g","c","a","a","a","a","c","t","a","c","a","t","t","t","g","a","a","a","c","g","g","a","a","g","g","g","g","a","a","c","a","c","0"
"cpmpt2_24","Pop","a","g","a","a","a","a","g","c","a","a","a","a","c","t","a","c","a","t","t","t","g","a","a","a","c","0","0","0","0","0","0","0","0","0","0","0","0","0","0"
"cpmpt2_27","Pop","t","a","a","a","a","a","g","c","a","a","a","a","c","t","a","c","a","t","a","t","g","a","a","a","c","g","g","a","a","g","g","g","g","a","a","c","a","0","0"
"cpmpt2_50","Pop","t","a","a","a","a","a","g","c","a","a","a","a","c","t","a","c","a","t","t","t","g","a","a","a","c","g","g","a","a","g","g","g","g","a","a","c","a","c","0"
"cpmpt2_51","Pop","t","a","a","a","a","a","g","c","a","a","a","a","c","t","a","c","0","t","t","t","g","a","a","a","c","g","g","a","a","g","g","g","g","a","a","c","a","0","0"
"cpmpt2_270","Pop","t","a","a","a","a","a","g","g","g","g","g","c","a","a","g","a","a","t","t","t","a","g","a","a","c","a","t","c","0","0","0","0","0","0","0","0","0","0","0"
"cpmpt2_269","Pop","t","a","a","a","a","a","g","g","g","g","g","c","a","a","g","a","a","t","t","t","a","g","a","a","c","a","t","c","a","c","a","a","a","g","c","a","a","c","t"
"cpmpt2_278","Pop","t","a","a","a","a","a","g","g","g","g","g","c","a","a","g","a","a","t","t","t","a","g","a","a","c","a","t","c","a","c","a","a","a","g","c","a","g","c","t"
"cpmpt2_276","Pop","t","a","a","a","a","a","g","g","g","g","g","c","a","a","g","a","a","t","t","t","a","g","a","a","c","a","t","c","a","c","a","a","a","g","c","a","g","c","a"
"cpmpt2_130","Pop","t","a","a","a","a","a","g","g","g","g","g","c","c","t","a","c","a","t","t","t","a","g","a","a","c","0","0","0","0","0","0","0","0","0","0","0","0","0","0"
"cpmpt2_125","Pop","t","g","a","a","a","a","g","g","g","g","g","c","c","t","a","c","a","t","t","t","a","g","a","a","c","a","t","c","a","g","g","g","g","a","a","c","a","c","t"
"cpmpt2_14","Pop","t","g","t","a","a","a","g","g","g","g","g","c","c","t","a","c","a","t","t","t","g","a","a","a","c","a","t","c","g","c","g","a","a","g","a","a","0","0","0"
"cpmpt2_110","Pop","t","g","t","a","a","a","g","g","g","g","g","c","c","t","a","c","a","t","t","t","a","g","a","a","c","a","t","0","0","0","0","0","0","0","0","0","0","0","0"
"cpmpt2_92","Pop","t","g","t","a","a","a","g","g","g","g","g","c","c","t","a","c","a","t","t","t","a","g","a","a","0","0","0","0","0","0","0","0","0","0","0","0","0","0","0"
"cpmpt2_91","Pop","t","g","t","a","a","a","g","g","g","g","g","c","c","t","a","c","a","t","t","t","a","g","a","a","c","a","t","c","a","c","a","a","a","g","c","a","g","c","0"
"cpmpt2_105","Pop","t","g","t","a","a","a","g","g","g","g","g","c","c","t","a","c","a","t","t","t","a","g","a","a","c","a","t","c","a","c","a","a","a","g","c","a","g","c","a"
"cpmpt2_108","Pop","t","g","t","a","a","a","g","g","g","g","g","c","c","t","a","c","a","t","t","t","a","g","a","a","c","a","t","0","0","0","0","0","0","0","0","0","0","0","0"
"cpmpt2_107","Pop","t","g","t","a","a","a","g","g","g","g","g","c","c","t","a","c","0","t","t","t","a","g","a","a","c","a","t","0","0","0","0","0","0","0","0","0","0","0","0"
"cpmpt2_103","Pop","t","g","t","a","a","a","g","g","g","g","g","c","c","t","a","c","a","t","t","t","a","g","a","a","c","a","t","c","a","c","a","a","a","g","c","a","g","c","0"
"cpmpt2_102","Pop","t","g","t","a","a","a","g","g","g","g","g","c","c","t","a","c","a","t","t","t","a","g","a","a","c","a","t","c","a","c","a","a","a","g","c","a","g","0","0"
"cpmpt2_100","Pop","t","g","t","a","a","a","g","g","g","g","g","c","c","t","a","c","a","t","t","t","a","g","a","a","c","a","t","c","a","c","a","a","a","g","c","a","g","c","a"
"cpmpt2_104","Pop","t","g","t","a","a","a","g","g","g","g","g","c","c","t","a","c","a","t","t","t","a","g","a","a","c","a","0","0","0","0","0","0","0","0","0","0","0","0","0"
"cpmpt2_106","Pop","t","g","t","a","a","a","g","g","g","g","g","c","c","t","a","c","a","t","t","t","a","g","a","a","c","a","t","c","a","c","a","a","a","g","c","a","g","0","0"
"cpmpt2_101","Pop","t","g","t","a","a","a","g","g","g","g","g","c","c","t","a","c","a","t","t","t","a","g","a","a","c","a","t","c","a","c","a","a","a","g","c","a","g","c","0"
"cpmpt2_253","Pop","t","g","a","a","a","a","g","g","g","g","g","c","a","a","g","a","c","g","g","c","g","g","t","c","a","g","g","a","a","g","g","g","g","a","a","c","a","t","a"
"cpmpt2_258","Pop","t","g","a","a","a","a","g","g","g","g","g","c","a","a","g","a","c","g","g","c","g","g","t","c","a","g","g","a","a","g","t","g","g","a","a","c","a","t","t"
"cpmpt2_265","Pop","t","a","a","a","a","a","g","g","g","g","g","c","a","a","g","a","0","g","g","c","g","g","t","c","a","g","g","a","a","g","t","g","g","a","a","c","a","0","0"
"cpmpt2_262","Pop","t","a","a","a","a","a","g","g","g","g","g","c","a","a","g","a","c","g","g","c","g","g","t","c","a","g","g","a","a","g","t","g","g","a","a","c","a","t","t"
"cpmpt2_261","Pop","t","a","a","a","a","a","g","g","g","g","g","c","a","a","g","a","c","g","g","c","g","g","t","c","a","g","g","a","a","g","t","g","g","a","a","c","a","t","0"
"cpmpt2_266","Pop","t","a","a","a","a","a","g","g","g","g","g","c","a","a","g","a","c","g","g","c","g","g","t","c","a","g","g","a","a","g","t","g","g","a","a","c","a","0","0"
"cpmpt2_181","Pop","a","g","t","a","a","a","g","g","g","g","a","c","a","a","g","a","c","g","g","c","g","g","a","a","c","g","g","a","a","g","g","g","g","a","a","0","0","0","0"
"cpmpt2_204","Pop","a","g","t","a","a","a","g","g","g","g","a","c","a","a","g","a","c","g","g","c","g","a","a","a","c","a","t","c","g","c","g","a","a","g","a","c","a","0","0"
"cpmpt2_203","Pop","a","g","t","a","a","a","g","g","g","g","a","c","a","a","g","a","c","g","g","c","g","a","a","a","c","a","t","c","g","c","g","a","a","g","a","a","0","0","0"
"cpmpt2_206","Pop","a","g","t","a","a","a","g","g","g","g","a","c","a","a","g","a","c","g","g","c","g","a","0","a","c","a","t","0","0","0","0","0","0","0","0","0","0","0","0"
"cpmpt2_210","Pop","a","g","t","a","a","a","g","g","g","g","a","c","a","a","g","a","c","g","g","c","g","a","a","a","c","a","t","c","g","c","g","a","a","g","a","a","0","0","0"
"cpmpt2_211","Pop","a","g","t","a","a","a","g","g","g","g","a","c","a","a","g","a","c","g","g","c","g","a","a","a","c","a","t","c","g","c","g","a","a","g","a","a","a","t","a"
"cpmpt2_208","Pop","a","g","t","a","a","a","g","g","g","g","a","c","a","a","g","a","c","g","g","c","g","a","a","a","c","a","t","0","0","0","0","0","0","0","0","0","0","0","0"
"cpmpt2_207","Pop","a","g","t","a","a","a","g","g","g","g","a","c","a","a","g","a","c","g","g","c","0","g","a","a","c","a","t","0","0","0","0","0","0","0","0","0","0","0","0"
"cpmpt2_183","Pop","t","a","a","a","a","a","g","g","g","g","g","c","a","a","g","a","c","g","g","c","g","g","t","a","c","a","t","c","a","g","g","g","g","a","a","c","0","0","0"
"cpmpt2_197","Pop","t","a","a","a","a","a","g","g","g","g","g","c","a","a","g","a","c","g","g","c","g","g","t","a","c","a","t","c","g","c","g","a","a","g","a","c","a","c","t"
"cpmpt2_191","Pop","t","a","a","a","a","a","g","g","g","g","g","c","a","a","g","a","c","g","g","c","g","g","t","a","c","a","t","c","g","c","g","a","0","0","0","0","0","0","0"
"cpmpt2_177","Pop","t","g","a","a","a","a","g","g","g","g","g","c","a","a","g","a","c","g","g","c","g","g","t","a","c","a","t","c","g","c","g","a","a","t","c","a","0","0","0"
"cpmpt2_162","Pop","t","g","a","a","a","a","g","g","g","g","g","a","a","a","g","a","c","g","g","c","g","g","t","c","a","g","g","c","g","c","g","a","a","g","0","0","0","0","0"
"cpmpt2_147","Pop","t","g","a","a","a","a","g","g","g","g","g","c","a","a","g","a","c","g","g","c","g","g","t","c","a","g","g","c","g","c","g","0","0","0","0","0","0","0","0"
"cpmpt2_148","Pop","t","g","a","a","a","a","g","g","g","g","g","c","a","a","g","a","c","g","g","c","g","g","t","c","a","g","g","c","g","c","g","a","0","0","0","0","0","0","0"
