13,319,1,319,,,,,,,,,,,
,,,Pop,,,,,,,,,,,
Ind,Pop,12,15,55,66,111,123,126,147,150,154,159,271,310
"msp7_1","Pop","0","0","t","t","g","a","g","g","c","a","a","a","c"
"msp7_228","Pop","0","0","a","g","g","g","g","a","t","g","g","c","a"
"msp7_229","Pop","0","0","a","c","g","g","g","a","t","g","g","c","a"
"msp7_230","Pop","0","0","a","c","g","g","g","a","t","g","g","c","a"
"msp7_231","Pop","0","0","a","c","g","g","g","a","t","g","g","c","a"
"msp7_233","Pop","0","g","a","c","g","g","g","a","t","g","g","c","a"
"msp7_232","Pop","0","g","a","c","g","g","g","a","t","g","g","c","a"
"msp7_234","Pop","c","g","a","c","g","g","g","a","t","g","g","c","a"
"msp7_236","Pop","c","g","a","c","g","g","g","a","t","g","g","c","a"
"msp7_238","Pop","c","g","a","c","g","g","g","a","t","g","g","c","a"
"msp7_235","Pop","0","g","a","c","g","g","g","a","t","g","g","c","a"
"msp7_237","Pop","0","0","a","c","g","g","g","a","t","g","g","c","a"
"msp7_239","Pop","c","g","a","g","g","a","g","g","t","g","a","c","0"
"msp7_308","Pop","a","g","g","g","g","g","g","a","t","g","g","c","0"
"msp7_240","Pop","c","g","g","g","g","a","g","g","t","g","a","c","a"
"msp7_243","Pop","c","g","g","g","g","a","g","g","t","g","a","c","0"
"msp7_241","Pop","c","g","g","g","g","a","g","g","t","g","a","c","a"
"msp7_242","Pop","c","g","g","g","g","a","g","g","t","g","a","c","a"
"msp7_244","Pop","c","g","g","g","g","a","g","g","t","g","a","c","a"
"msp7_246","Pop","c","g","g","g","g","a","g","g","t","g","a","c","a"
"msp7_245","Pop","c","g","g","g","g","a","g","g","t","g","a","c","a"
"msp7_247","Pop","c","g","g","g","g","a","g","g","t","g","a","c","a"
"msp7_310","Pop","c","a","g","g","g","g","g","a","t","g","g","a","0"
"msp7_309","Pop","0","g","a","c","g","g","g","a","t","g","g","a","t"
"msp7_311","Pop","c","g","g","g","g","g","g","a","t","g","g","a","0"
"msp7_312","Pop","c","g","a","g","g","g","g","a","t","g","g","a","t"
"msp7_315","Pop","a","g","a","g","g","g","g","a","t","g","g","a","0"
"msp7_316","Pop","c","g","a","g","g","g","g","a","t","g","g","a","t"
"msp7_317","Pop","a","g","a","g","g","g","g","a","t","g","g","a","t"
"msp7_314","Pop","a","g","g","g","g","g","g","a","t","g","g","a","0"
"msp7_313","Pop","a","g","g","g","g","g","g","a","t","g","g","a","t"
"msp7_319","Pop","c","g","g","g","g","g","g","a","t","g","g","a","0"
"msp7_318","Pop","c","g","g","g","g","g","g","a","t","g","g","a","0"
"msp7_306","Pop","c","a","a","g","g","g","g","a","t","g","g","a","0"
"msp7_307","Pop","c","a","a","g","g","g","g","a","t","g","g","a","0"
"msp7_305","Pop","c","a","a","g","g","g","g","a","t","g","g","a","t"
"msp7_304","Pop","c","a","a","g","g","g","g","a","t","g","g","a","t"
"msp7_303","Pop","c","a","a","g","g","g","g","a","t","g","g","a","t"
"msp7_274","Pop","0","0","a","g","g","g","g","a","t","g","g","a","t"
"msp7_271","Pop","0","0","a","g","g","g","g","a","t","g","g","a","t"
"msp7_272","Pop","0","0","a","g","g","g","g","a","t","g","g","a","t"
"msp7_273","Pop","0","0","a","g","g","g","g","a","t","g","g","a","t"
"msp7_263","Pop","0","0","a","g","g","g","g","a","t","g","g","a","t"
"msp7_262","Pop","0","0","a","g","g","g","g","a","t","g","g","a","t"
"msp7_264","Pop","0","0","a","g","g","g","g","a","t","g","g","a","t"
"msp7_265","Pop","0","0","a","g","g","g","g","a","t","g","g","a","t"
"msp7_266","Pop","0","0","a","g","g","g","g","a","t","g","g","a","t"
"msp7_268","Pop","0","0","a","g","g","g","g","a","t","g","g","a","t"
"msp7_267","Pop","0","0","a","g","g","g","g","a","t","g","g","a","t"
"msp7_269","Pop","c","a","a","g","g","g","g","a","t","g","g","a","0"
"msp7_270","Pop","c","a","a","g","g","g","g","a","t","g","g","a","0"
"msp7_275","Pop","c","a","a","g","g","g","g","a","t","g","g","a","t"
"msp7_276","Pop","c","a","a","g","g","g","g","a","t","g","g","a","t"
"msp7_283","Pop","0","0","a","g","g","g","g","a","t","g","g","a","t"
"msp7_277","Pop","0","0","a","g","g","g","g","a","t","g","g","a","t"
"msp7_278","Pop","0","0","a","g","g","g","g","a","t","g","g","a","t"
"msp7_279","Pop","0","0","a","g","g","g","g","a","t","g","g","a","t"
"msp7_280","Pop","0","0","a","g","g","g","g","a","t","g","g","a","t"
"msp7_281","Pop","c","a","a","g","g","g","g","a","t","g","g","a","t"
"msp7_282","Pop","c","a","a","g","g","g","g","a","t","g","g","a","t"
"msp7_285","Pop","0","0","a","g","g","g","g","a","t","g","g","a","t"
"msp7_284","Pop","0","0","a","g","g","g","g","a","t","g","g","a","t"
"msp7_286","Pop","c","a","a","g","g","g","g","a","t","g","g","a","t"
"msp7_291","Pop","c","a","a","g","g","g","g","a","t","g","g","a","t"
"msp7_290","Pop","c","a","a","g","g","g","g","a","t","g","g","a","t"
"msp7_287","Pop","c","a","a","g","g","g","g","a","t","g","g","a","t"
"msp7_294","Pop","c","a","a","g","g","g","g","a","t","g","g","a","t"
"msp7_288","Pop","c","a","a","g","g","g","g","a","t","g","g","a","t"
"msp7_289","Pop","c","a","a","g","g","g","g","a","t","g","g","a","t"
"msp7_292","Pop","c","a","a","g","g","g","g","a","t","g","g","a","t"
"msp7_293","Pop","c","a","a","g","g","g","g","a","t","g","g","a","t"
"msp7_297","Pop","c","a","a","g","g","g","g","a","t","g","g","a","t"
"msp7_299","Pop","c","a","a","g","g","g","g","a","t","g","g","a","t"
"msp7_298","Pop","c","a","a","g","g","g","g","a","t","g","g","a","t"
"msp7_296","Pop","c","a","a","g","g","g","g","a","t","g","g","a","t"
"msp7_295","Pop","c","a","a","g","g","g","g","a","t","g","g","a","t"
"msp7_301","Pop","c","a","a","g","g","g","g","a","t","g","g","a","0"
"msp7_300","Pop","c","a","a","g","g","g","g","a","t","g","g","a","0"
"msp7_302","Pop","0","0","a","g","g","g","g","a","t","g","g","a","t"
"msp7_248","Pop","0","0","a","g","g","g","g","g","t","g","g","a","t"
"msp7_249","Pop","c","a","a","g","g","g","g","g","t","g","g","c","0"
"msp7_252","Pop","0","0","a","g","g","g","g","g","t","g","g","c","0"
"msp7_253","Pop","0","0","a","g","g","g","g","g","t","g","g","c","0"
"msp7_250","Pop","c","a","a","g","g","g","g","g","t","g","g","a","0"
"msp7_251","Pop","c","a","a","g","g","g","g","g","t","g","g","a","0"
"msp7_254","Pop","0","0","a","g","g","g","g","g","t","g","g","c","0"
"msp7_255","Pop","0","a","a","g","g","g","g","g","t","g","g","a","t"
"msp7_256","Pop","c","a","a","g","g","g","g","g","t","g","g","a","0"
"msp7_257","Pop","c","a","a","g","g","g","g","g","t","g","g","c","0"
"msp7_259","Pop","0","0","a","g","g","g","g","g","t","g","g","c","0"
"msp7_260","Pop","c","a","a","g","g","g","g","g","t","g","g","c","0"
"msp7_258","Pop","c","a","a","g","g","g","g","g","t","g","g","c","0"
"msp7_261","Pop","c","a","a","g","g","g","g","g","t","g","g","c","0"
"msp7_2","Pop","0","g","a","g","g","a","a","a","t","g","g","a","c"
"msp7_3","Pop","0","g","a","g","g","a","a","a","t","g","g","a","c"
"msp7_4","Pop","0","g","a","g","g","a","a","a","t","g","g","a","c"
"msp7_10","Pop","0","g","a","g","g","a","a","a","t","g","g","a","0"
"msp7_9","Pop","0","g","a","g","g","a","a","a","t","g","g","a","0"
"msp7_11","Pop","0","g","a","g","g","a","a","a","t","g","g","a","0"
"msp7_12","Pop","0","g","a","g","g","a","a","a","t","g","g","a","0"
"msp7_13","Pop","0","g","a","g","g","a","a","a","t","g","g","a","0"
"msp7_14","Pop","0","g","a","g","g","a","a","a","t","g","g","a","0"
"msp7_8","Pop","0","g","a","g","g","a","a","a","t","g","g","a","0"
"msp7_7","Pop","0","g","a","g","g","a","a","a","t","g","g","a","0"
"msp7_15","Pop","0","g","a","g","g","a","a","a","t","g","g","a","0"
"msp7_16","Pop","0","g","a","g","g","a","a","a","t","g","g","a","0"
"msp7_20","Pop","0","g","a","g","g","a","a","a","t","g","g","a","0"
"msp7_5","Pop","0","g","a","g","g","a","a","a","t","g","g","a","0"
"msp7_17","Pop","0","g","a","g","g","a","a","a","t","g","g","a","0"
"msp7_18","Pop","0","g","a","g","g","a","a","a","t","g","g","a","0"
"msp7_19","Pop","0","g","a","g","g","a","a","a","t","g","g","a","0"
"msp7_6","Pop","0","g","a","g","g","a","a","a","t","g","g","a","0"
"msp7_21","Pop","0","g","a","g","g","a","a","a","t","g","g","a","c"
"msp7_65","Pop","0","0","g","g","g","a","g","g","c","a","a","a","c"
"msp7_85","Pop","c","g","a","g","g","a","a","g","t","g","a","a","0"
"msp7_86","Pop","c","g","a","g","g","a","a","g","t","g","a","a","c"
"msp7_87","Pop","0","0","a","g","g","a","a","g","t","g","a","a","c"
"msp7_92","Pop","0","0","a","g","g","a","a","g","t","g","a","a","c"
"msp7_90","Pop","c","g","a","g","g","a","a","g","t","g","a","a","0"
"msp7_89","Pop","c","g","a","g","g","a","a","g","t","g","a","a","c"
"msp7_88","Pop","c","g","a","g","g","a","a","g","t","g","a","a","c"
"msp7_91","Pop","c","g","a","g","g","a","a","g","t","g","a","a","c"
"msp7_95","Pop","0","0","t","g","g","a","g","g","c","a","a","a","c"
"msp7_94","Pop","c","g","a","g","g","a","a","g","c","a","a","a","c"
"msp7_96","Pop","0","0","a","g","g","a","g","g","c","a","a","a","t"
"msp7_97","Pop","0","0","a","c","g","a","g","g","c","a","a","a","c"
"msp7_99","Pop","c","g","a","g","g","a","g","g","c","a","a","a","0"
"msp7_98","Pop","c","a","a","g","g","a","g","g","c","a","a","a","0"
"msp7_101","Pop","c","g","a","c","g","a","g","g","c","a","a","a","0"
"msp7_100","Pop","c","a","a","g","g","a","g","g","c","a","a","a","0"
"msp7_102","Pop","c","a","a","g","g","a","g","g","c","a","a","a","0"
"msp7_105","Pop","0","0","a","g","g","a","g","g","c","a","a","a","c"
"msp7_103","Pop","c","a","a","g","g","a","g","g","c","a","a","a","t"
"msp7_122","Pop","0","0","a","g","g","a","a","g","c","a","a","a","c"
"msp7_104","Pop","c","g","a","g","g","a","a","g","c","a","a","a","0"
"msp7_107","Pop","c","g","a","g","g","a","a","g","c","a","a","a","c"
"msp7_106","Pop","c","g","a","g","g","a","a","g","c","a","a","a","c"
"msp7_108","Pop","c","g","a","g","g","a","a","g","c","a","a","a","c"
"msp7_109","Pop","c","g","a","g","g","a","a","g","c","a","a","a","c"
"msp7_110","Pop","c","g","a","g","g","a","g","g","c","a","a","a","c"
"msp7_111","Pop","c","g","a","g","g","a","g","g","c","a","a","a","0"
"msp7_115","Pop","a","g","a","g","g","a","g","g","c","a","a","a","c"
"msp7_116","Pop","c","a","a","g","g","a","g","g","c","a","a","a","0"
"msp7_113","Pop","0","0","a","g","g","a","g","g","c","a","a","a","c"
"msp7_112","Pop","0","0","a","g","g","a","g","g","c","a","a","a","c"
"msp7_114","Pop","0","0","a","g","g","a","g","g","c","a","a","a","c"
"msp7_118","Pop","0","0","a","g","g","a","g","g","c","a","a","a","c"
"msp7_117","Pop","0","0","a","g","g","a","g","g","c","a","a","a","c"
"msp7_119","Pop","c","g","a","g","g","a","a","g","c","a","a","a","c"
"msp7_121","Pop","c","g","a","g","g","a","a","g","c","a","a","a","c"
"msp7_120","Pop","c","g","a","g","g","a","a","g","c","a","a","a","c"
"msp7_133","Pop","0","0","a","g","g","a","a","g","c","a","a","a","c"
"msp7_123","Pop","0","0","a","g","g","a","a","g","c","a","a","a","c"
"msp7_132","Pop","0","0","a","g","g","a","a","g","c","a","a","a","c"
"msp7_126","Pop","c","g","a","g","g","a","a","g","c","a","a","a","c"
"msp7_124","Pop","c","g","a","g","g","a","a","g","c","a","a","a","c"
"msp7_128","Pop","c","g","a","g","g","a","a","g","c","a","a","a","c"
"msp7_127","Pop","c","g","a","g","g","a","a","g","c","a","a","a","c"
"msp7_125","Pop","c","g","a","g","g","a","a","g","c","a","a","a","c"
"msp7_129","Pop","c","g","a","g","g","a","a","g","c","a","a","a","c"
"msp7_130","Pop","c","g","a","g","g","a","a","g","c","a","a","a","c"
"msp7_131","Pop","c","g","a","g","g","a","a","g","c","a","a","a","0"
"msp7_134","Pop","0","0","a","g","g","a","g","g","c","a","a","a","t"
"msp7_136","Pop","0","0","a","g","g","a","g","g","c","a","a","a","t"
"msp7_135","Pop","0","0","g","g","g","a","g","g","c","a","a","a","t"
"msp7_71","Pop","0","0","g","g","g","a","g","g","c","a","a","a","t"
"msp7_70","Pop","0","0","g","g","g","a","g","g","c","a","a","a","t"
"msp7_72","Pop","0","0","g","g","g","a","g","g","c","a","a","a","t"
"msp7_73","Pop","0","0","g","g","g","a","g","g","c","a","a","a","t"
"msp7_69","Pop","0","g","g","g","g","a","g","g","c","a","a","a","t"
"msp7_68","Pop","0","g","g","g","g","a","g","g","c","a","a","a","t"
"msp7_81","Pop","0","0","g","g","g","a","g","g","c","a","a","a","t"
"msp7_74","Pop","0","0","g","g","g","a","g","g","c","a","a","a","t"
"msp7_75","Pop","0","0","g","g","g","a","g","g","c","a","a","a","t"
"msp7_76","Pop","0","0","g","g","g","a","g","g","c","a","a","a","t"
"msp7_77","Pop","0","0","g","g","g","a","g","g","c","a","a","a","t"
"msp7_78","Pop","0","0","g","g","g","a","g","g","c","a","a","a","t"
"msp7_79","Pop","0","0","g","g","g","a","g","g","c","a","a","a","t"
"msp7_82","Pop","0","0","g","g","g","a","g","g","c","a","a","a","t"
"msp7_80","Pop","a","g","g","g","g","a","g","g","c","a","a","a","t"
"msp7_84","Pop","0","g","g","g","g","a","g","g","c","a","a","a","t"
"msp7_83","Pop","0","0","g","g","g","a","g","g","c","a","a","a","t"
"msp7_93","Pop","a","g","g","g","g","a","a","g","c","a","a","a","t"
"msp7_66","Pop","0","0","g","g","g","a","g","g","c","a","a","a","c"
"msp7_67","Pop","0","g","g","g","g","a","g","g","c","a","a","a","c"
"msp7_142","Pop","0","0","g","g","g","a","g","g","c","a","a","a","0"
"msp7_143","Pop","0","0","g","g","g","a","g","g","c","a","a","a","t"
"msp7_144","Pop","0","0","g","g","g","a","g","g","c","a","a","a","c"
"msp7_146","Pop","0","0","g","g","g","a","g","g","c","a","a","a","c"
"msp7_145","Pop","a","g","g","g","g","a","g","g","c","a","a","a","c"
"msp7_148","Pop","a","g","g","g","g","a","g","g","c","a","a","a","c"
"msp7_147","Pop","a","g","g","g","g","a","g","g","c","a","a","a","c"
"msp7_149","Pop","a","g","g","g","g","a","g","g","c","a","a","a","c"
"msp7_150","Pop","a","g","g","g","g","a","g","g","c","a","a","a","c"
"msp7_151","Pop","0","0","g","g","g","a","g","g","c","a","a","a","t"
"msp7_152","Pop","0","0","g","g","g","a","g","g","c","a","a","a","t"
"msp7_153","Pop","0","0","g","g","g","a","g","g","c","a","a","a","0"
"msp7_154","Pop","0","0","g","g","g","a","g","g","c","a","a","a","c"
"msp7_155","Pop","0","0","g","g","g","a","g","g","c","a","a","a","t"
"msp7_156","Pop","0","0","g","g","g","a","g","g","c","a","a","a","0"
"msp7_190","Pop","0","0","g","g","g","a","g","g","c","a","a","a","c"
"msp7_178","Pop","0","0","g","g","g","a","g","g","c","a","a","a","c"
"msp7_174","Pop","a","g","g","g","g","a","g","g","c","a","a","a","0"
"msp7_176","Pop","a","g","g","g","g","a","g","g","c","a","a","a","0"
"msp7_175","Pop","a","g","g","g","g","a","g","g","c","a","a","a","0"
"msp7_182","Pop","0","0","g","g","g","a","g","g","c","a","a","a","c"
"msp7_158","Pop","0","0","g","g","g","a","g","g","c","a","a","a","c"
"msp7_157","Pop","0","0","g","g","g","a","g","g","c","a","a","a","c"
"msp7_159","Pop","0","0","g","g","g","a","g","g","c","a","a","a","c"
"msp7_180","Pop","0","0","g","g","g","a","g","g","c","a","a","a","c"
"msp7_160","Pop","0","0","g","g","g","a","g","g","c","a","a","a","t"
"msp7_181","Pop","0","0","g","g","g","a","g","g","c","a","a","a","c"
"msp7_191","Pop","0","0","g","g","g","a","g","g","c","a","a","a","c"
"msp7_161","Pop","a","g","g","g","g","a","g","g","c","a","a","c","0"
"msp7_162","Pop","0","0","g","g","g","a","g","g","c","a","a","a","c"
"msp7_186","Pop","0","0","g","g","g","a","g","g","c","a","a","a","c"
"msp7_184","Pop","0","0","g","g","g","a","g","g","c","a","a","a","c"
"msp7_163","Pop","0","0","g","g","g","a","g","g","c","a","a","a","c"
"msp7_164","Pop","0","0","g","g","g","a","g","g","c","a","a","a","c"
"msp7_202","Pop","0","0","g","g","g","a","g","g","c","a","a","a","c"
"msp7_165","Pop","0","0","g","g","g","a","g","g","c","a","a","a","t"
"msp7_204","Pop","0","0","g","g","g","a","g","g","c","a","a","a","c"
"msp7_185","Pop","0","0","g","g","g","a","g","g","c","a","a","a","c"
"msp7_166","Pop","0","0","g","g","g","a","g","g","c","a","a","a","t"
"msp7_203","Pop","0","0","g","g","g","a","g","g","c","a","a","a","c"
"msp7_188","Pop","0","0","g","g","g","a","g","g","c","a","a","a","c"
"msp7_187","Pop","0","0","g","g","g","a","g","g","c","a","a","a","c"
"msp7_167","Pop","a","g","g","g","g","a","g","g","c","a","a","a","c"
"msp7_168","Pop","a","g","g","g","g","a","g","g","c","a","a","a","c"
"msp7_170","Pop","a","g","g","g","g","a","g","g","c","a","a","a","c"
"msp7_169","Pop","a","g","g","g","g","a","g","g","c","a","a","a","c"
"msp7_189","Pop","0","0","g","g","g","a","g","g","c","a","a","a","c"
"msp7_171","Pop","a","g","g","g","g","a","g","g","c","a","a","a","c"
"msp7_172","Pop","a","g","g","g","g","a","g","g","c","a","a","a","c"
"msp7_173","Pop","a","g","g","g","g","a","g","g","c","a","a","a","c"
"msp7_177","Pop","a","g","g","g","g","a","g","g","c","a","a","a","c"
"msp7_179","Pop","a","g","g","g","g","a","g","g","c","a","a","a","c"
"msp7_183","Pop","a","g","g","g","g","a","g","g","c","a","a","a","c"
"msp7_193","Pop","a","g","g","g","g","a","g","g","c","a","a","a","0"
"msp7_194","Pop","a","g","g","g","g","a","g","g","c","a","a","a","0"
"msp7_192","Pop","a","g","g","g","g","a","g","g","c","a","a","a","0"
"msp7_201","Pop","0","0","g","g","g","a","g","g","c","a","a","a","c"
"msp7_199","Pop","0","0","g","g","g","a","g","g","c","a","a","a","c"
"msp7_200","Pop","0","0","g","g","g","a","g","g","c","a","a","a","c"
"msp7_195","Pop","a","g","g","g","g","a","g","g","c","a","a","a","c"
"msp7_196","Pop","a","g","g","g","g","a","g","g","c","a","a","a","c"
"msp7_198","Pop","a","g","g","g","g","a","g","g","c","a","a","a","c"
"msp7_197","Pop","a","g","g","g","g","a","g","g","c","a","a","a","c"
"msp7_208","Pop","a","g","g","g","g","a","g","g","c","a","a","a","t"
"msp7_212","Pop","a","g","g","g","g","a","g","g","c","a","a","a","t"
"msp7_210","Pop","a","g","g","g","g","a","g","g","c","a","a","a","t"
"msp7_215","Pop","a","g","g","g","g","a","g","g","c","a","a","a","0"
"msp7_214","Pop","0","0","g","g","g","a","g","g","c","a","a","a","c"
"msp7_205","Pop","0","0","g","g","g","a","g","g","c","a","a","a","c"
"msp7_206","Pop","0","0","g","g","g","a","g","g","c","a","a","a","c"
"msp7_216","Pop","0","0","g","g","g","a","g","g","c","a","a","a","c"
"msp7_213","Pop","0","0","g","g","g","a","g","g","c","a","a","a","c"
"msp7_211","Pop","0","0","g","g","g","a","g","g","c","a","a","a","c"
"msp7_209","Pop","a","g","g","g","g","a","g","g","c","a","a","a","c"
"msp7_217","Pop","a","g","g","g","g","a","g","g","c","a","a","a","c"
"msp7_218","Pop","a","g","g","g","g","a","g","g","c","a","a","a","c"
"msp7_220","Pop","a","g","g","g","g","a","g","g","c","a","a","a","c"
"msp7_207","Pop","a","g","g","g","g","a","g","g","c","a","a","a","c"
"msp7_221","Pop","a","g","g","g","g","a","g","g","c","a","a","a","c"
"msp7_222","Pop","a","g","g","g","g","a","g","g","c","a","a","a","c"
"msp7_227","Pop","a","g","g","g","g","a","g","g","c","a","a","a","c"
"msp7_219","Pop","a","g","g","g","g","a","g","g","c","a","a","a","c"
"msp7_225","Pop","a","g","g","g","g","a","g","g","c","a","a","a","c"
"msp7_224","Pop","a","g","g","g","g","a","g","g","c","a","a","a","c"
"msp7_226","Pop","a","g","g","g","g","a","g","g","c","a","a","a","c"
"msp7_223","Pop","0","0","g","g","g","a","g","g","c","a","a","a","0"
"msp7_137","Pop","0","0","g","g","g","a","g","g","c","a","a","a","t"
"msp7_138","Pop","0","0","a","g","g","a","g","g","c","a","a","a","t"
"msp7_139","Pop","0","0","g","g","g","a","g","g","c","a","a","a","t"
"msp7_140","Pop","0","0","g","g","g","a","g","g","c","a","a","a","t"
"msp7_141","Pop","0","0","a","g","g","a","g","g","c","a","a","a","t"
"msp7_33","Pop","a","g","g","g","g","a","g","g","t","a","g","a","t"
"msp7_34","Pop","a","g","g","g","g","a","g","g","t","a","g","a","t"
"msp7_32","Pop","a","g","g","g","g","a","g","g","t","a","g","a","c"
"msp7_26","Pop","0","0","a","g","g","a","g","g","t","a","g","a","t"
"msp7_28","Pop","c","g","a","g","t","a","g","g","t","a","g","a","t"
"msp7_27","Pop","0","0","g","g","c","a","g","g","t","a","g","a","t"
"msp7_29","Pop","0","0","g","g","t","a","g","g","t","a","g","a","t"
"msp7_30","Pop","a","g","g","g","t","a","g","g","t","a","g","a","0"
"msp7_31","Pop","0","0","g","g","t","a","g","g","t","a","g","a","t"
"msp7_36","Pop","0","0","g","g","g","g","g","g","t","a","g","a","t"
"msp7_35","Pop","a","g","g","g","t","a","g","g","t","a","g","a","t"
"msp7_46","Pop","c","g","a","c","t","a","g","g","t","g","g","c","0"
"msp7_47","Pop","c","g","a","c","t","a","g","g","t","g","g","c","0"
"msp7_48","Pop","c","g","a","c","t","a","g","g","t","g","g","c","0"
"msp7_49","Pop","c","g","a","c","t","a","g","g","t","g","g","c","0"
"msp7_50","Pop","c","g","a","c","t","a","g","g","t","g","g","c","0"
"msp7_51","Pop","c","g","a","c","t","a","g","g","t","g","g","c","0"
"msp7_52","Pop","c","g","a","c","t","a","g","g","t","g","g","c","0"
"msp7_53","Pop","c","g","a","c","t","a","g","g","t","g","g","c","0"
"msp7_45","Pop","c","g","a","c","t","a","g","g","t","g","g","c","0"
"msp7_54","Pop","c","g","a","c","t","a","g","g","t","g","g","c","0"
"msp7_44","Pop","c","g","a","c","t","a","g","g","t","g","g","c","0"
"msp7_55","Pop","c","g","a","c","t","a","g","g","t","g","g","c","0"
"msp7_56","Pop","c","g","a","c","t","a","g","g","t","g","g","c","0"
"msp7_58","Pop","c","g","a","c","t","a","g","g","t","g","g","c","0"
"msp7_57","Pop","c","g","a","c","t","a","g","g","t","g","g","c","0"
"msp7_59","Pop","c","g","a","c","t","a","g","g","t","g","g","c","0"
"msp7_61","Pop","c","g","a","c","t","a","g","g","t","g","g","c","0"
"msp7_60","Pop","c","g","a","c","t","a","g","g","t","g","g","c","0"
"msp7_64","Pop","c","g","a","c","t","a","g","g","t","g","g","c","0"
"msp7_62","Pop","c","g","a","c","t","a","g","g","t","g","g","c","0"
"msp7_63","Pop","c","g","a","c","t","a","g","g","t","g","g","c","0"
"msp7_37","Pop","0","0","g","g","t","a","g","g","t","g","g","c","0"
"msp7_38","Pop","0","0","g","g","t","a","g","g","t","g","g","c","0"
"msp7_39","Pop","0","0","g","g","t","a","g","g","t","g","g","c","0"
"msp7_43","Pop","0","0","g","g","t","a","g","g","t","g","g","c","0"
"msp7_42","Pop","0","0","g","g","t","a","g","g","t","g","g","c","0"
"msp7_41","Pop","c","g","g","g","t","a","g","g","t","g","g","a","t"
"msp7_40","Pop","0","0","g","g","t","a","g","g","t","g","g","a","t"
"msp7_23","Pop","c","g","a","g","g","a","g","g","t","g","a","a","t"
"msp7_22","Pop","0","0","a","g","g","a","g","g","t","g","a","a","t"
"msp7_24","Pop","0","0","g","g","g","a","g","g","t","g","a","a","t"
"msp7_25","Pop","0","0","g","g","g","a","g","g","t","g","a","a","t"
