16,127,1,127,,,,,,,,,,,,,,
,,,Pop,,,,,,,,,,,,,,
Ind,Pop,7,9,13,14,87,111,121,140,141,147,163,168,169,171,210,265
"ama1D3t2_31","Pop","0","0","0","0","t","a","t","a","a","t","a","a","a","g","a","a"
"ama1D3t2_39","Pop","0","0","0","0","t","a","t","a","a","t","a","a","a","g","a","a"
"ama1D3t2_44","Pop","c","a","a","a","a","a","t","a","a","t","a","a","a","g","a","a"
"ama1D3t2_21","Pop","0","0","0","0","t","a","t","a","a","t","a","a","a","g","a","c"
"ama1D3t2_76","Pop","0","0","0","0","a","a","t","a","a","t","a","g","a","g","a","c"
"ama1D3t2_77","Pop","c","a","a","a","a","a","t","a","a","t","a","g","a","g","a","c"
"ama1D3t2_126","Pop","c","a","a","a","a","a","t","a","a","t","a","a","a","g","a","a"
"ama1D3t2_65","Pop","0","0","0","0","a","a","t","a","a","t","a","a","a","g","a","a"
"ama1D3t2_68","Pop","c","a","a","a","a","a","t","a","a","t","a","a","a","g","a","a"
"ama1D3t2_67","Pop","c","a","a","a","a","a","t","a","a","t","a","a","a","g","a","a"
"ama1D3t2_66","Pop","c","a","a","a","a","a","t","a","a","t","a","a","a","g","a","a"
"ama1D3t2_128","Pop","c","a","a","a","a","a","t","a","a","t","a","a","a","g","a","a"
"ama1D3t2_69","Pop","c","a","a","a","a","a","t","a","a","t","a","a","a","g","a","a"
"ama1D3t2_100","Pop","c","a","a","a","a","a","t","a","a","t","a","a","a","g","a","a"
"ama1D3t2_72","Pop","c","a","a","a","a","a","t","a","a","t","a","a","a","g","a","a"
"ama1D3t2_70","Pop","0","0","0","0","a","a","t","a","a","t","a","g","a","g","a","a"
"ama1D3t2_64","Pop","0","0","0","0","a","a","t","a","a","t","a","a","a","g","a","c"
"ama1D3t2_71","Pop","c","a","a","a","a","a","t","a","a","t","a","a","a","g","a","a"
"ama1D3t2_73","Pop","0","0","0","0","a","a","t","a","a","t","a","a","a","g","a","a"
"ama1D3t2_74","Pop","0","0","0","0","a","a","t","a","a","t","a","a","a","g","a","a"
"ama1D3t2_75","Pop","c","a","a","a","a","a","t","a","a","t","a","0","0","0","0","0"
"ama1D3t2_56","Pop","c","a","a","a","t","a","t","a","a","t","a","a","a","g","a","a"
"ama1D3t2_20","Pop","c","a","a","a","t","a","t","a","a","t","a","a","a","g","a","c"
"ama1D3t2_19","Pop","c","a","a","a","t","a","t","a","a","t","a","a","a","g","a","c"
"ama1D3t2_18","Pop","c","a","a","a","t","a","t","a","a","t","a","a","a","g","a","c"
"ama1D3t2_99","Pop","c","a","a","a","t","a","t","a","a","t","a","a","a","g","a","a"
"ama1D3t2_124","Pop","c","a","a","a","t","a","t","a","a","t","a","a","a","g","a","a"
"ama1D3t2_125","Pop","c","a","a","a","t","a","t","a","a","t","a","a","a","g","a","a"
"ama1D3t2_98","Pop","c","a","a","a","t","a","t","a","a","t","a","a","a","g","a","0"
"ama1D3t2_2","Pop","0","0","0","0","a","c","t","c","g","a","a","g","a","g","a","c"
"ama1D3t2_24","Pop","0","0","0","0","a","c","t","c","g","t","a","g","a","g","t","a"
"ama1D3t2_3","Pop","c","a","a","a","a","a","g","c","g","t","a","a","a","g","a","c"
"ama1D3t2_34","Pop","c","a","a","a","t","c","t","a","a","t","a","a","a","g","a","a"
"ama1D3t2_36","Pop","0","0","0","0","t","c","g","c","g","t","a","a","a","g","a","a"
"ama1D3t2_35","Pop","0","0","0","0","a","a","g","c","g","t","a","g","a","g","a","a"
"ama1D3t2_48","Pop","0","0","0","0","t","c","g","c","g","t","a","g","a","g","a","a"
"ama1D3t2_1","Pop","0","0","0","0","t","a","g","c","g","a","a","g","a","t","a","c"
"ama1D3t2_25","Pop","0","0","0","0","a","a","g","c","g","t","a","a","a","g","a","a"
"ama1D3t2_26","Pop","t","a","a","a","a","a","g","c","g","t","a","g","a","g","a","0"
"ama1D3t2_27","Pop","c","a","a","a","a","a","g","c","g","t","a","g","a","g","a","0"
"ama1D3t2_28","Pop","c","a","a","a","a","a","g","c","g","t","a","g","a","g","a","a"
"ama1D3t2_7","Pop","0","0","0","0","t","a","g","c","g","a","a","g","a","g","a","c"
"ama1D3t2_6","Pop","0","0","0","0","t","a","g","c","g","t","a","g","a","g","a","c"
"ama1D3t2_29","Pop","0","0","0","0","t","c","t","a","a","t","t","a","a","g","a","a"
"ama1D3t2_32","Pop","c","a","a","a","a","a","g","c","g","t","a","g","a","g","a","a"
"ama1D3t2_33","Pop","c","a","a","a","a","a","g","c","g","t","a","g","a","g","a","a"
"ama1D3t2_37","Pop","c","a","a","a","a","a","g","c","g","t","a","g","a","g","a","a"
"ama1D3t2_4","Pop","c","a","a","a","t","a","g","c","g","a","a","g","a","g","a","c"
"ama1D3t2_45","Pop","c","a","a","a","a","a","g","c","g","t","a","g","a","g","a","a"
"ama1D3t2_43","Pop","c","a","a","a","a","a","g","c","g","t","a","g","a","g","a","a"
"ama1D3t2_46","Pop","c","a","a","a","a","a","g","c","g","t","a","g","a","g","a","a"
"ama1D3t2_40","Pop","c","a","a","a","a","a","g","c","g","t","a","g","a","g","a","a"
"ama1D3t2_30","Pop","0","0","0","0","t","c","t","a","a","t","a","a","a","g","a","a"
"ama1D3t2_38","Pop","0","0","0","0","a","a","g","c","g","t","a","g","a","g","a","a"
"ama1D3t2_5","Pop","0","0","0","0","t","a","g","c","g","t","a","g","a","t","a","c"
"ama1D3t2_17","Pop","c","a","a","a","t","c","g","c","g","t","a","g","a","g","a","c"
"ama1D3t2_16","Pop","c","a","a","a","t","c","g","c","g","t","a","g","a","g","a","c"
"ama1D3t2_9","Pop","c","a","a","a","t","a","g","c","g","t","a","g","a","g","a","c"
"ama1D3t2_10","Pop","c","a","a","a","t","a","g","c","g","t","a","g","a","g","a","c"
"ama1D3t2_14","Pop","c","a","a","a","t","a","g","c","g","a","a","g","a","g","a","c"
"ama1D3t2_11","Pop","0","0","0","0","t","a","g","c","g","a","a","g","a","g","a","c"
"ama1D3t2_15","Pop","c","a","a","a","t","a","g","c","g","a","a","g","a","g","a","c"
"ama1D3t2_12","Pop","c","a","a","a","t","a","g","c","g","a","a","g","a","g","a","c"
"ama1D3t2_13","Pop","c","a","a","a","t","a","g","c","g","a","a","g","a","g","a","c"
"ama1D3t2_41","Pop","0","0","0","0","a","a","g","c","g","t","g","g","a","g","a","c"
"ama1D3t2_42","Pop","0","0","0","0","a","a","g","c","g","t","a","g","a","g","a","a"
"ama1D3t2_49","Pop","c","a","a","a","t","c","t","a","a","t","a","a","a","g","a","a"
"ama1D3t2_47","Pop","0","0","0","0","a","a","g","c","g","t","a","g","a","g","a","a"
"ama1D3t2_50","Pop","c","a","a","a","a","a","g","c","g","t","a","g","a","g","a","a"
"ama1D3t2_51","Pop","0","0","0","0","a","a","g","c","g","t","a","g","g","g","t","a"
"ama1D3t2_53","Pop","0","0","0","0","a","a","g","c","g","t","a","g","a","g","t","a"
"ama1D3t2_52","Pop","0","0","0","0","a","a","g","c","g","t","t","g","a","g","t","a"
"ama1D3t2_55","Pop","c","a","a","a","a","a","g","c","g","t","a","a","a","g","a","a"
"ama1D3t2_62","Pop","0","0","0","0","a","a","g","c","g","t","a","a","a","g","a","a"
"ama1D3t2_63","Pop","0","0","0","0","a","a","g","c","g","t","a","a","a","g","a","a"
"ama1D3t2_133","Pop","c","a","a","a","t","c","t","a","a","t","a","a","a","g","a","a"
"ama1D3t2_132","Pop","c","a","a","a","t","c","t","a","a","t","a","a","a","g","a","a"
"ama1D3t2_130","Pop","c","a","a","a","t","c","t","a","a","t","a","a","a","g","a","a"
"ama1D3t2_131","Pop","c","a","a","a","t","c","t","a","a","t","a","a","a","g","a","a"
"ama1D3t2_134","Pop","0","0","0","0","t","c","t","a","a","t","a","a","a","g","a","a"
"ama1D3t2_59","Pop","c","a","a","a","t","c","t","a","a","t","a","a","a","g","a","a"
"ama1D3t2_58","Pop","c","a","a","a","t","c","t","a","a","t","a","a","a","g","a","a"
"ama1D3t2_60","Pop","c","a","a","a","t","c","t","a","a","t","a","a","a","g","0","0"
"ama1D3t2_78","Pop","0","0","0","0","a","a","g","c","g","t","a","g","a","g","t","a"
"ama1D3t2_80","Pop","0","0","0","0","a","a","g","c","g","t","a","g","a","g","a","a"
"ama1D3t2_81","Pop","c","a","a","a","a","a","g","c","g","t","a","g","a","g","a","0"
"ama1D3t2_79","Pop","c","a","a","a","a","a","g","c","g","t","a","g","a","g","0","0"
"ama1D3t2_88","Pop","0","0","0","0","a","a","g","c","g","t","a","g","a","g","a","a"
"ama1D3t2_83","Pop","c","a","a","a","a","a","g","c","g","t","a","g","a","g","a","a"
"ama1D3t2_82","Pop","c","a","a","a","a","a","g","c","g","t","a","g","a","g","a","a"
"ama1D3t2_116","Pop","c","a","a","a","a","a","g","c","g","t","a","g","a","g","a","a"
"ama1D3t2_117","Pop","c","a","a","a","a","a","g","c","g","t","a","g","a","g","a","a"
"ama1D3t2_113","Pop","c","a","a","a","a","a","g","c","g","t","a","g","a","g","a","a"
"ama1D3t2_112","Pop","c","a","a","a","a","a","g","c","g","t","a","g","a","g","a","a"
"ama1D3t2_114","Pop","c","a","a","a","a","a","g","c","g","t","a","g","a","g","a","a"
"ama1D3t2_110","Pop","c","a","a","a","a","a","g","c","g","t","a","g","a","g","a","a"
"ama1D3t2_111","Pop","c","a","a","a","a","a","g","c","g","t","a","g","a","g","a","a"
"ama1D3t2_109","Pop","c","a","a","a","a","a","g","c","g","t","a","g","a","g","a","a"
"ama1D3t2_115","Pop","c","a","a","a","a","a","g","c","g","t","a","g","a","g","a","a"
"ama1D_NC_037282.1:1293856-1295724 Plasmodium falciparum 3D7 genome assembly, chromosome: 11","Pop","c","a","a","a","a","a","g","c","g","t","a","g","a","g","a","a"
"ama1D3t2_86","Pop","c","a","a","a","a","a","g","c","g","t","a","a","a","g","a","a"
"ama1D3t2_85","Pop","c","a","a","a","a","a","g","c","g","t","a","a","a","g","a","a"
"ama1D3t2_84","Pop","c","a","a","a","a","a","g","c","g","t","a","a","a","g","a","a"
"ama1D3t2_118","Pop","c","a","a","a","a","a","g","c","g","t","a","a","a","g","a","a"
"ama1D3t2_91","Pop","c","a","a","a","a","a","g","c","g","t","a","g","a","g","a","a"
"ama1D3t2_89","Pop","c","a","a","a","a","a","g","c","g","t","a","g","a","g","a","a"
"ama1D3t2_90","Pop","0","0","0","0","a","a","g","c","g","t","a","g","a","a","a","a"
"ama1D3t2_105","Pop","0","0","0","0","t","a","g","c","g","t","a","g","a","g","a","a"
"ama1D3t2_121","Pop","0","0","0","0","t","a","g","c","g","a","a","g","a","g","a","a"
"ama1D3t2_119","Pop","0","0","0","0","t","a","g","c","g","a","a","g","a","g","a","a"
"ama1D3t2_92","Pop","0","0","0","0","t","a","g","c","g","a","a","g","a","g","a","a"
"ama1D3t2_93","Pop","0","0","0","0","t","a","g","c","g","a","a","g","g","g","a","a"
"ama1D3t2_122","Pop","0","0","0","0","t","a","g","c","g","t","a","g","a","g","a","a"
"ama1D3t2_96","Pop","0","0","0","0","t","a","g","c","g","t","a","g","t","g","a","a"
"ama1D3t2_139","Pop","0","0","t","t","t","c","g","a","a","t","a","a","a","g","a","a"
"ama1D3t2_123","Pop","t","g","t","t","a","a","g","c","g","t","a","g","a","g","a","a"
"ama1D3t2_120","Pop","c","a","a","a","t","c","g","c","g","t","a","a","a","g","a","a"
"ama1D3t2_57","Pop","c","a","a","a","a","a","g","c","g","t","a","g","a","t","a","a"
"ama1D3t2_61","Pop","c","a","a","a","t","a","g","c","g","a","a","a","a","g","a","a"
"ama1D3t2_87","Pop","c","a","a","a","t","a","g","c","g","a","a","g","a","g","a","a"
"ama1D3t2_127","Pop","c","a","a","a","a","a","t","a","a","t","t","a","a","g","a","a"
"ama1D3t2_101","Pop","c","a","a","a","t","c","g","a","a","t","a","a","a","g","a","a"
"ama1D3t2_94","Pop","0","0","0","0","t","a","g","c","g","a","a","g","a","g","a","a"
"ama1D3t2_102","Pop","0","0","0","0","t","c","t","a","a","t","a","a","g","g","a","a"
"ama1D3t2_103","Pop","c","g","a","a","t","c","t","a","a","t","a","a","a","a","a","a"
"ama1D3t2_97","Pop","a","g","g","a","a","a","g","c","g","t","a","g","a","g","a","a"
"ama1D3t2_95","Pop","0","0","0","0","0","0","0","0","0","0","0","0","0","0","a","a"
