,7,9,13,14,87,111,121,140,141,147,163,168,169,171,210,265
ama1D3t2_31,0,0,0,0,t,a,t,a,a,t,a,a,a,g,a,a
ama1D3t2_44,c,a,a,a,a,a,t,a,a,t,a,a,a,g,a,a
ama1D3t2_21,0,0,0,0,t,a,t,a,a,t,a,a,a,g,a,c
ama1D3t2_76,0,0,0,0,a,a,t,a,a,t,a,g,a,g,a,c
ama1D3t2_77,c,a,a,a,a,a,t,a,a,t,a,g,a,g,a,c
ama1D3t2_65,0,0,0,0,a,a,t,a,a,t,a,a,a,g,a,a
ama1D3t2_70,0,0,0,0,a,a,t,a,a,t,a,g,a,g,a,a
ama1D3t2_64,0,0,0,0,a,a,t,a,a,t,a,a,a,g,a,c
ama1D3t2_75,c,a,a,a,a,a,t,a,a,t,a,0,0,0,0,0
ama1D3t2_56,c,a,a,a,t,a,t,a,a,t,a,a,a,g,a,a
ama1D3t2_20,c,a,a,a,t,a,t,a,a,t,a,a,a,g,a,c
ama1D3t2_98,c,a,a,a,t,a,t,a,a,t,a,a,a,g,a,0
ama1D3t2_2,0,0,0,0,a,c,t,c,g,a,a,g,a,g,a,c
ama1D3t2_24,0,0,0,0,a,c,t,c,g,t,a,g,a,g,t,a
ama1D3t2_3,c,a,a,a,a,a,g,c,g,t,a,a,a,g,a,c
ama1D3t2_34,c,a,a,a,t,c,t,a,a,t,a,a,a,g,a,a
ama1D3t2_36,0,0,0,0,t,c,g,c,g,t,a,a,a,g,a,a
ama1D3t2_35,0,0,0,0,a,a,g,c,g,t,a,g,a,g,a,a
ama1D3t2_48,0,0,0,0,t,c,g,c,g,t,a,g,a,g,a,a
ama1D3t2_1,0,0,0,0,t,a,g,c,g,a,a,g,a,t,a,c
ama1D3t2_25,0,0,0,0,a,a,g,c,g,t,a,a,a,g,a,a
ama1D3t2_26,t,a,a,a,a,a,g,c,g,t,a,g,a,g,a,0
ama1D3t2_27,c,a,a,a,a,a,g,c,g,t,a,g,a,g,a,0
ama1D3t2_28,c,a,a,a,a,a,g,c,g,t,a,g,a,g,a,a
ama1D3t2_7,0,0,0,0,t,a,g,c,g,a,a,g,a,g,a,c
ama1D3t2_6,0,0,0,0,t,a,g,c,g,t,a,g,a,g,a,c
ama1D3t2_29,0,0,0,0,t,c,t,a,a,t,t,a,a,g,a,a
ama1D3t2_4,c,a,a,a,t,a,g,c,g,a,a,g,a,g,a,c
ama1D3t2_30,0,0,0,0,t,c,t,a,a,t,a,a,a,g,a,a
ama1D3t2_5,0,0,0,0,t,a,g,c,g,t,a,g,a,t,a,c
ama1D3t2_17,c,a,a,a,t,c,g,c,g,t,a,g,a,g,a,c
ama1D3t2_9,c,a,a,a,t,a,g,c,g,t,a,g,a,g,a,c
ama1D3t2_41,0,0,0,0,a,a,g,c,g,t,g,g,a,g,a,c
ama1D3t2_51,0,0,0,0,a,a,g,c,g,t,a,g,g,g,t,a
ama1D3t2_53,0,0,0,0,a,a,g,c,g,t,a,g,a,g,t,a
ama1D3t2_52,0,0,0,0,a,a,g,c,g,t,t,g,a,g,t,a
ama1D3t2_55,c,a,a,a,a,a,g,c,g,t,a,a,a,g,a,a
ama1D3t2_60,c,a,a,a,t,c,t,a,a,t,a,a,a,g,0,0
ama1D3t2_79,c,a,a,a,a,a,g,c,g,t,a,g,a,g,0,0
ama1D3t2_90,0,0,0,0,a,a,g,c,g,t,a,g,a,a,a,a
ama1D3t2_105,0,0,0,0,t,a,g,c,g,t,a,g,a,g,a,a
ama1D3t2_121,0,0,0,0,t,a,g,c,g,a,a,g,a,g,a,a
ama1D3t2_93,0,0,0,0,t,a,g,c,g,a,a,g,g,g,a,a
ama1D3t2_96,0,0,0,0,t,a,g,c,g,t,a,g,t,g,a,a
ama1D3t2_139,0,0,t,t,t,c,g,a,a,t,a,a,a,g,a,a
ama1D3t2_123,t,g,t,t,a,a,g,c,g,t,a,g,a,g,a,a
ama1D3t2_120,c,a,a,a,t,c,g,c,g,t,a,a,a,g,a,a
ama1D3t2_57,c,a,a,a,a,a,g,c,g,t,a,g,a,t,a,a
ama1D3t2_61,c,a,a,a,t,a,g,c,g,a,a,a,a,g,a,a
ama1D3t2_87,c,a,a,a,t,a,g,c,g,a,a,g,a,g,a,a
ama1D3t2_127,c,a,a,a,a,a,t,a,a,t,t,a,a,g,a,a
ama1D3t2_101,c,a,a,a,t,c,g,a,a,t,a,a,a,g,a,a
ama1D3t2_102,0,0,0,0,t,c,t,a,a,t,a,a,g,g,a,a
ama1D3t2_103,c,g,a,a,t,c,t,a,a,t,a,a,a,a,a,a
ama1D3t2_97,a,g,g,a,a,a,g,c,g,t,a,g,a,g,a,a
ama1D3t2_95,0,0,0,0,0,0,0,0,0,0,0,0,0,0,a,a
