,75,95,97,102,103,110,112,114,116,117,118,119,200,201,202,203,211,215,216,222,226,227,233,305,311,318,326,329,338,340,341,345,346,347,350,352,358,374,420
cpmpt2_171,a,g,a,c,c,a,a,c,a,a,a,a,a,a,g,a,c,g,g,c,g,g,t,c,a,g,0,0,0,0,0,0,0,0,0,0,0,0,0
cpmpt2_153,t,g,a,c,c,a,a,c,a,a,a,a,a,a,g,a,c,g,g,c,g,g,t,c,a,g,g,a,g,c,g,a,a,g,a,a,a,t,t
cpmpt2_163,t,g,a,c,c,c,a,c,a,a,a,a,a,a,g,a,c,g,g,c,g,g,t,c,a,g,g,c,g,c,g,a,a,g,c,a,g,c,0
cpmpt2_164,t,g,a,c,c,c,a,c,a,a,a,a,a,a,g,a,c,g,g,c,g,g,t,c,a,g,g,0,0,0,0,0,0,0,0,0,0,0,0
cpmpt2_139,t,g,a,c,c,g,a,c,a,a,a,a,a,a,g,a,c,g,g,c,g,g,t,c,a,g,g,c,g,c,g,a,a,g,c,a,g,0,0
cpmpt2_165,t,g,a,c,c,g,a,c,a,a,a,a,a,a,g,a,c,g,g,c,g,g,t,c,a,g,g,c,g,c,g,a,0,0,0,0,0,0,0
cpmpt2_76,t,a,a,c,c,g,a,c,a,a,a,a,c,t,a,c,a,t,t,t,a,g,a,a,a,g,g,a,a,c,a,a,a,g,c,a,a,c,0
cpmpt2_73,t,g,a,c,c,g,a,c,a,a,a,a,c,t,a,c,a,t,t,t,a,g,t,a,c,a,t,c,g,c,g,a,a,t,c,a,a,c,t
cpmpt2_201,t,g,a,c,c,g,a,c,a,a,a,a,a,a,g,a,c,g,g,t,a,g,a,a,c,a,t,c,a,g,g,g,g,a,a,c,a,c,t
cpmpt2_192,t,g,a,c,c,g,a,c,a,a,a,a,a,a,g,a,c,g,g,c,g,g,t,a,c,a,t,c,g,c,g,a,a,g,a,c,a,0,0
cpmpt2_217,t,g,a,c,c,c,a,c,a,a,a,a,a,a,g,a,c,g,g,c,g,g,a,a,c,0,0,0,0,0,0,0,0,0,0,0,0,0,0
cpmpt2_214,t,g,a,c,c,c,a,c,a,a,a,a,a,a,g,a,c,g,g,c,g,g,a,a,c,a,0,0,0,0,0,0,0,0,0,0,0,0,0
cpmpt2_227,t,g,a,c,c,c,a,c,a,a,a,a,a,a,g,a,c,g,g,c,g,g,a,a,c,a,t,c,a,c,a,a,a,a,c,a,a,c,t
cpmpt2_224,t,g,a,c,c,c,a,c,a,a,a,a,a,a,g,a,c,g,g,c,g,g,a,a,c,a,t,c,a,c,a,a,a,a,c,a,a,c,0
cpmpt2_226,t,g,a,c,c,c,a,c,a,a,a,a,a,a,g,a,c,g,g,c,g,g,a,a,c,a,t,c,0,0,0,0,0,0,0,0,0,0,0
cpmpt2_248,t,g,a,c,c,c,a,c,a,a,a,a,a,a,g,a,c,g,g,c,g,g,a,a,c,a,t,c,a,c,a,0,0,0,0,0,0,0,0
cpmpt2_247,t,g,a,c,c,c,a,c,a,a,a,a,a,a,g,a,c,g,g,c,g,g,a,a,c,a,t,c,a,0,0,0,0,0,0,0,0,0,0
cpmpt2_245,t,g,a,c,c,c,a,c,a,a,a,a,a,a,g,a,c,g,g,c,g,g,a,a,c,a,t,c,a,c,a,a,a,a,c,0,0,0,0
cpmpt2_240,t,g,a,c,c,c,a,c,a,a,a,a,a,0,g,a,c,g,g,c,g,g,a,a,c,a,t,0,0,0,0,0,0,0,0,0,0,0,0
cpmpt2_241,t,g,a,c,c,c,a,c,a,a,a,a,a,a,g,a,c,g,g,c,0,g,a,a,c,a,t,0,0,0,0,0,0,0,0,0,0,0,0
cpmpt2_243,t,g,a,c,c,c,a,c,a,a,a,a,a,a,g,a,c,g,g,c,g,g,a,a,c,a,t,0,0,0,0,0,0,0,0,0,0,0,0
cpmpt2_239,t,g,a,c,c,c,a,c,a,a,a,a,a,a,g,a,c,g,g,c,g,g,a,a,c,a,t,c,g,c,g,0,0,0,0,0,0,0,0
cpmpt2_78,t,g,a,c,c,c,a,c,a,a,a,a,c,t,a,c,a,t,t,t,a,g,a,a,c,g,g,a,a,g,t,g,g,a,a,c,a,0,0
cpmpt2_272,t,g,a,c,c,g,a,c,a,a,a,a,a,a,g,a,a,t,t,t,a,g,a,a,c,a,t,c,0,0,0,0,0,0,0,0,0,0,0
cpmpt2_93,t,g,a,c,c,g,a,c,a,a,a,a,c,t,a,c,a,t,t,t,a,g,a,a,c,a,t,c,g,c,g,a,a,g,0,0,0,0,0
cpmpt2_94,t,g,a,c,c,g,a,c,a,a,a,a,c,t,a,c,a,t,t,t,a,g,a,a,c,a,t,c,0,0,0,0,0,0,0,0,0,0,0
cpmpt2_123,t,g,a,c,c,g,a,c,a,a,a,a,c,t,a,c,a,t,t,t,a,g,a,a,c,g,g,a,a,g,g,g,g,a,a,c,0,0,0
cpmpt2_2,t,g,a,c,c,g,a,c,a,a,a,a,c,t,a,c,a,t,t,t,g,a,a,c,a,a,g,c,g,c,g,a,a,g,a,a,a,c,t
cpmpt2_21,t,g,a,c,c,g,a,c,a,a,a,a,c,t,a,c,a,t,t,t,g,a,a,a,c,g,g,a,g,c,g,a,a,t,c,a,a,c,a
cpmpt2_70,t,g,a,c,c,g,a,c,a,a,a,a,c,t,a,c,a,t,t,t,g,a,a,a,c,g,0,0,0,0,0,0,0,0,0,0,0,0,0
cpmpt2_49,t,g,a,c,c,g,a,c,a,a,a,a,c,t,a,c,a,t,t,t,g,a,a,a,c,g,g,c,g,c,g,a,a,t,c,a,a,c,t
cpmpt2_41,t,g,a,c,c,g,a,c,a,a,a,a,c,t,a,c,a,t,t,t,g,a,a,a,c,g,g,c,g,c,g,a,0,0,0,0,0,0,0
cpmpt2_42,t,g,a,c,c,g,a,c,a,a,a,a,c,t,a,c,a,t,t,t,g,a,a,a,c,g,g,c,g,c,g,a,a,t,c,a,0,0,0
cpmpt2_30,t,g,a,c,c,g,a,c,a,a,a,a,c,t,a,c,a,t,t,t,g,a,a,a,c,g,g,a,a,g,g,g,g,a,a,c,a,c,t
cpmpt2_45,t,g,a,c,c,g,a,c,a,a,a,a,c,t,a,c,a,t,t,t,0,g,a,a,c,g,g,0,0,0,0,0,0,0,0,0,0,0,0
cpmpt2_44,t,g,a,c,c,g,a,c,a,a,a,a,c,t,a,c,a,t,t,t,0,g,a,a,c,g,g,a,a,g,g,g,g,a,a,c,0,0,0
cpmpt2_43,t,g,a,c,c,g,a,c,a,a,a,a,c,t,a,c,a,t,t,0,g,a,a,a,c,g,g,0,0,0,0,0,0,0,0,0,0,0,0
cpmpt2_285,a,g,a,a,a,a,g,c,a,a,a,a,a,a,g,a,a,t,t,t,a,g,a,a,c,g,g,a,a,g,g,g,g,a,a,c,a,c,t
cpmpt2_284,a,g,a,a,a,a,g,c,a,a,a,a,a,a,g,a,a,t,t,t,a,g,a,a,c,g,g,a,a,g,g,g,g,a,a,c,0,0,0
cpmpt2_71,t,g,a,a,a,a,g,c,a,a,a,a,c,t,a,c,a,t,t,t,a,g,a,c,a,a,g,a,a,g,g,g,g,a,a,c,a,c,0
cpmpt2_117,t,g,a,a,a,a,g,c,a,a,a,a,c,t,a,c,a,t,t,t,a,g,a,a,c,a,0,0,0,0,0,0,0,0,0,0,0,0,0
cpmpt2_118,t,g,a,a,a,a,g,c,a,a,a,a,c,t,a,c,a,t,t,t,a,g,a,a,c,a,t,c,a,g,g,g,g,a,a,c,a,c,a
cpmpt2_81,t,a,a,a,a,a,g,c,a,a,a,a,c,t,a,c,a,t,t,t,a,g,a,a,c,g,g,a,a,g,g,g,g,a,a,c,0,0,0
cpmpt2_87,t,a,a,a,a,a,g,c,a,a,a,a,c,t,a,c,a,t,t,t,a,g,a,a,c,a,t,c,0,0,0,0,0,0,0,0,0,0,0
cpmpt2_86,t,a,a,a,a,a,g,c,a,a,a,a,c,t,a,c,a,t,t,t,a,g,a,a,c,a,g,c,a,c,a,a,a,g,a,a,a,c,t
cpmpt2_89,t,a,a,a,a,a,g,c,a,a,a,a,c,t,a,c,a,t,t,t,a,g,a,a,c,a,0,0,0,0,0,0,0,0,0,0,0,0,0
cpmpt2_6,t,g,a,a,a,a,g,c,a,a,a,a,c,t,a,c,a,t,t,t,g,a,a,c,a,g,0,0,0,0,0,0,0,0,0,0,0,0,0
cpmpt2_25,t,g,a,a,a,a,g,c,a,a,a,a,c,t,a,c,a,t,t,t,g,a,a,a,c,a,0,0,0,0,0,0,0,0,0,0,0,0,0
cpmpt2_56,a,g,a,a,a,a,g,c,a,a,a,a,c,t,a,c,a,t,t,t,g,a,a,a,c,g,g,a,a,g,g,g,g,a,a,c,a,c,0
cpmpt2_55,a,g,a,a,a,a,g,c,a,a,a,a,c,t,a,c,a,t,t,0,g,a,a,a,c,g,g,a,a,g,g,g,g,a,a,c,a,0,0
cpmpt2_54,a,g,a,a,a,a,g,c,a,a,a,a,c,t,a,c,a,t,t,t,g,a,a,a,c,g,g,a,a,g,g,g,g,a,a,c,a,0,0
cpmpt2_24,a,g,a,a,a,a,g,c,a,a,a,a,c,t,a,c,a,t,t,t,g,a,a,a,c,0,0,0,0,0,0,0,0,0,0,0,0,0,0
cpmpt2_27,t,a,a,a,a,a,g,c,a,a,a,a,c,t,a,c,a,t,a,t,g,a,a,a,c,g,g,a,a,g,g,g,g,a,a,c,a,0,0
cpmpt2_50,t,a,a,a,a,a,g,c,a,a,a,a,c,t,a,c,a,t,t,t,g,a,a,a,c,g,g,a,a,g,g,g,g,a,a,c,a,c,0
cpmpt2_51,t,a,a,a,a,a,g,c,a,a,a,a,c,t,a,c,0,t,t,t,g,a,a,a,c,g,g,a,a,g,g,g,g,a,a,c,a,0,0
cpmpt2_270,t,a,a,a,a,a,g,g,g,g,g,c,a,a,g,a,a,t,t,t,a,g,a,a,c,a,t,c,0,0,0,0,0,0,0,0,0,0,0
cpmpt2_269,t,a,a,a,a,a,g,g,g,g,g,c,a,a,g,a,a,t,t,t,a,g,a,a,c,a,t,c,a,c,a,a,a,g,c,a,a,c,t
cpmpt2_278,t,a,a,a,a,a,g,g,g,g,g,c,a,a,g,a,a,t,t,t,a,g,a,a,c,a,t,c,a,c,a,a,a,g,c,a,g,c,t
cpmpt2_276,t,a,a,a,a,a,g,g,g,g,g,c,a,a,g,a,a,t,t,t,a,g,a,a,c,a,t,c,a,c,a,a,a,g,c,a,g,c,a
cpmpt2_130,t,a,a,a,a,a,g,g,g,g,g,c,c,t,a,c,a,t,t,t,a,g,a,a,c,0,0,0,0,0,0,0,0,0,0,0,0,0,0
cpmpt2_125,t,g,a,a,a,a,g,g,g,g,g,c,c,t,a,c,a,t,t,t,a,g,a,a,c,a,t,c,a,g,g,g,g,a,a,c,a,c,t
cpmpt2_14,t,g,t,a,a,a,g,g,g,g,g,c,c,t,a,c,a,t,t,t,g,a,a,a,c,a,t,c,g,c,g,a,a,g,a,a,0,0,0
cpmpt2_110,t,g,t,a,a,a,g,g,g,g,g,c,c,t,a,c,a,t,t,t,a,g,a,a,c,a,t,0,0,0,0,0,0,0,0,0,0,0,0
cpmpt2_92,t,g,t,a,a,a,g,g,g,g,g,c,c,t,a,c,a,t,t,t,a,g,a,a,0,0,0,0,0,0,0,0,0,0,0,0,0,0,0
cpmpt2_91,t,g,t,a,a,a,g,g,g,g,g,c,c,t,a,c,a,t,t,t,a,g,a,a,c,a,t,c,a,c,a,a,a,g,c,a,g,c,0
cpmpt2_105,t,g,t,a,a,a,g,g,g,g,g,c,c,t,a,c,a,t,t,t,a,g,a,a,c,a,t,c,a,c,a,a,a,g,c,a,g,c,a
cpmpt2_107,t,g,t,a,a,a,g,g,g,g,g,c,c,t,a,c,0,t,t,t,a,g,a,a,c,a,t,0,0,0,0,0,0,0,0,0,0,0,0
cpmpt2_102,t,g,t,a,a,a,g,g,g,g,g,c,c,t,a,c,a,t,t,t,a,g,a,a,c,a,t,c,a,c,a,a,a,g,c,a,g,0,0
cpmpt2_104,t,g,t,a,a,a,g,g,g,g,g,c,c,t,a,c,a,t,t,t,a,g,a,a,c,a,0,0,0,0,0,0,0,0,0,0,0,0,0
cpmpt2_253,t,g,a,a,a,a,g,g,g,g,g,c,a,a,g,a,c,g,g,c,g,g,t,c,a,g,g,a,a,g,g,g,g,a,a,c,a,t,a
cpmpt2_258,t,g,a,a,a,a,g,g,g,g,g,c,a,a,g,a,c,g,g,c,g,g,t,c,a,g,g,a,a,g,t,g,g,a,a,c,a,t,t
cpmpt2_265,t,a,a,a,a,a,g,g,g,g,g,c,a,a,g,a,0,g,g,c,g,g,t,c,a,g,g,a,a,g,t,g,g,a,a,c,a,0,0
cpmpt2_262,t,a,a,a,a,a,g,g,g,g,g,c,a,a,g,a,c,g,g,c,g,g,t,c,a,g,g,a,a,g,t,g,g,a,a,c,a,t,t
cpmpt2_261,t,a,a,a,a,a,g,g,g,g,g,c,a,a,g,a,c,g,g,c,g,g,t,c,a,g,g,a,a,g,t,g,g,a,a,c,a,t,0
cpmpt2_266,t,a,a,a,a,a,g,g,g,g,g,c,a,a,g,a,c,g,g,c,g,g,t,c,a,g,g,a,a,g,t,g,g,a,a,c,a,0,0
cpmpt2_181,a,g,t,a,a,a,g,g,g,g,a,c,a,a,g,a,c,g,g,c,g,g,a,a,c,g,g,a,a,g,g,g,g,a,a,0,0,0,0
cpmpt2_204,a,g,t,a,a,a,g,g,g,g,a,c,a,a,g,a,c,g,g,c,g,a,a,a,c,a,t,c,g,c,g,a,a,g,a,c,a,0,0
cpmpt2_203,a,g,t,a,a,a,g,g,g,g,a,c,a,a,g,a,c,g,g,c,g,a,a,a,c,a,t,c,g,c,g,a,a,g,a,a,0,0,0
cpmpt2_206,a,g,t,a,a,a,g,g,g,g,a,c,a,a,g,a,c,g,g,c,g,a,0,a,c,a,t,0,0,0,0,0,0,0,0,0,0,0,0
cpmpt2_211,a,g,t,a,a,a,g,g,g,g,a,c,a,a,g,a,c,g,g,c,g,a,a,a,c,a,t,c,g,c,g,a,a,g,a,a,a,t,a
cpmpt2_208,a,g,t,a,a,a,g,g,g,g,a,c,a,a,g,a,c,g,g,c,g,a,a,a,c,a,t,0,0,0,0,0,0,0,0,0,0,0,0
cpmpt2_207,a,g,t,a,a,a,g,g,g,g,a,c,a,a,g,a,c,g,g,c,0,g,a,a,c,a,t,0,0,0,0,0,0,0,0,0,0,0,0
cpmpt2_183,t,a,a,a,a,a,g,g,g,g,g,c,a,a,g,a,c,g,g,c,g,g,t,a,c,a,t,c,a,g,g,g,g,a,a,c,0,0,0
cpmpt2_197,t,a,a,a,a,a,g,g,g,g,g,c,a,a,g,a,c,g,g,c,g,g,t,a,c,a,t,c,g,c,g,a,a,g,a,c,a,c,t
cpmpt2_191,t,a,a,a,a,a,g,g,g,g,g,c,a,a,g,a,c,g,g,c,g,g,t,a,c,a,t,c,g,c,g,a,0,0,0,0,0,0,0
cpmpt2_177,t,g,a,a,a,a,g,g,g,g,g,c,a,a,g,a,c,g,g,c,g,g,t,a,c,a,t,c,g,c,g,a,a,t,c,a,0,0,0
cpmpt2_162,t,g,a,a,a,a,g,g,g,g,g,a,a,a,g,a,c,g,g,c,g,g,t,c,a,g,g,c,g,c,g,a,a,g,0,0,0,0,0
cpmpt2_147,t,g,a,a,a,a,g,g,g,g,g,c,a,a,g,a,c,g,g,c,g,g,t,c,a,g,g,c,g,c,g,0,0,0,0,0,0,0,0
cpmpt2_148,t,g,a,a,a,a,g,g,g,g,g,c,a,a,g,a,c,g,g,c,g,g,t,c,a,g,g,c,g,c,g,a,0,0,0,0,0,0,0
